DATE,ACTION,PRICE,PROFIT,TOTAL_BALANCE
2024-01-01T16:45:00.000Z,SELL,42808,0,1000
2024-01-01T18:15:00.000Z,BUY,43148.5,-7.954120725098112,992.0458792749018
2024-01-01T19:15:00.000Z,SELL,43219.8,0,992.0458792749018
2024-01-01T20:00:00.000Z,BUY,43556.2,-7.721558956498438,984.3243203184034
2024-01-01T21:00:00.000Z,SELL,43753.3,0,984.3243203184034
2024-01-01T23:30:00.000Z,BUY,44059.2,-6.881876557548662,977.4424437608546
2024-01-02T01:30:00.000Z,SELL,45002.5,0,977.4424437608546
2024-01-02T02:45:00.000Z,BUY,45330.1,-7.1153856913739135,970.3270580694807
2024-01-02T09:30:00.000Z,SELL,45879.9,0,970.3270580694807
2024-01-02T15:15:00.000Z,BUY,45141.6,15.614516748569644,985.9415748180503
2024-01-03T13:00:00.000Z,BUY,42795.8,0,985.9415748180503
2024-01-03T13:15:00.000Z,SELL,42550.1,-5.66050511809101,980.2810696999593
2024-01-04T03:45:00.000Z,SELL,43042,0,980.2810696999593
2024-01-04T12:45:00.000Z,BUY,43273.9,-5.281519912258306,974.999549787701
2024-01-04T16:00:00.000Z,SELL,44050.4,0,974.999549787701
2024-01-04T19:30:00.000Z,BUY,44385.9,-7.425865575653653,967.5736842120473
2024-01-04T22:45:00.000Z,SELL,44374,0,967.5736842120473
2024-01-05T02:00:00.000Z,BUY,43374.5,21.79406628588681,989.3677504979341
2024-01-05T23:45:00.000Z,SELL,44044.1,0,989.3677504979341
2024-01-07T13:30:00.000Z,BUY,44379.7,-7.538621905478946,981.8291285924552
2024-01-07T14:30:00.000Z,SELL,44350.1,0,981.8291285924552
2024-01-07T23:45:00.000Z,BUY,43599,16.627963826142256,998.4570924185974
2024-01-08T07:00:00.000Z,SELL,43900,0,998.4570924185974
2024-01-08T11:15:00.000Z,BUY,44173.6,-6.222730307191955,992.2343621114055
2024-01-08T13:15:00.000Z,SELL,45066.7,0,992.2343621114055
2024-01-08T17:45:00.000Z,BUY,45388.7,-7.089479917541613,985.1448821938639
2024-01-08T19:45:00.000Z,SELL,46833.5,0,985.1448821938639
2024-01-08T21:45:00.000Z,BUY,47201.2,-7.734586848787318,977.4102953450765
2024-01-09T21:45:00.000Z,SELL,45973.8,0,977.4102953450765
2024-01-09T23:00:00.000Z,BUY,46250.7,-5.886938012107896,971.5233573329687
2024-01-10T09:30:00.000Z,BUY,45576.9,0,971.5233573329687
2024-01-10T12:30:00.000Z,SELL,45253,-6.904296155292483,964.6190611776761
2024-01-10T13:45:00.000Z,BUY,45084.1,0,964.6190611776761
2024-01-10T17:45:00.000Z,SELL,46299.5,26.004689168805612,990.6237503464818
2024-01-10T18:30:00.000Z,SELL,46392.7,0,990.6237503464818
2024-01-10T20:15:00.000Z,BUY,45553.8,17.91303942572124,1008.536789772203
2024-01-10T23:45:00.000Z,SELL,46584.2,0,1008.536789772203
2024-01-11T06:15:00.000Z,BUY,45719.1,18.729208118459294,1027.2659978906622
2024-01-11T11:45:00.000Z,SELL,46983.2,0,1027.2659978906622
2024-01-11T12:45:00.000Z,BUY,47288.6,-6.677430140046011,1020.5885677506162
2024-01-11T15:30:00.000Z,SELL,47816,0,1020.5885677506162
2024-01-11T16:00:00.000Z,BUY,46813.4,21.39957541464711,1041.9881431652634
2024-01-12T17:15:00.000Z,BUY,43626.9,0,1041.9881431652634
2024-01-12T19:15:00.000Z,SELL,43360.5,-6.362717528387937,1035.6254256368754
2024-01-12T23:00:00.000Z,BUY,42517.9,0,1035.6254256368754
2024-01-13T07:00:00.000Z,SELL,43159.6,15.630142496011796,1051.2555681328872
2024-01-13T16:30:00.000Z,SELL,43089.9,0,1051.2555681328872
2024-01-14T21:30:00.000Z,BUY,42259,20.271299110966083,1071.5268672438533
2024-01-14T22:15:00.000Z,BUY,42558,0,1071.5268672438533
2024-01-14T22:30:00.000Z,SELL,42331.4,-5.705343016999286,1065.821524226854
2024-01-15T00:30:00.000Z,BUY,42174.1,0,1065.821524226854
2024-01-15T05:15:00.000Z,SELL,42788.1,15.516974064065112,1081.3384982909192
2024-01-15T15:30:00.000Z,BUY,42427.1,0,1081.3384982909192
2024-01-15T18:30:00.000Z,SELL,43171.9,18.982700055556,1100.3211983464753
2024-01-15T19:15:00.000Z,SELL,42994.2,0,1100.3211983464753
2024-01-16T14:45:00.000Z,BUY,42107.4,22.69526677304496,1123.0164651195203
2024-01-17T08:45:00.000Z,BUY,42723.2,0,1123.0164651195203
2024-01-17T16:00:00.000Z,SELL,42478.3,-6.4374094709142575,1116.579055648606
2024-01-18T06:45:00.000Z,SELL,42799.1,0,1116.579055648606
2024-01-18T16:45:00.000Z,BUY,42134.3,17.34386368393701,1133.9229193325432
2024-01-18T17:45:00.000Z,BUY,41875.1,0,1133.9229193325432
2024-01-18T18:15:00.000Z,SELL,41518,-9.669800776443507,1124.2531185560997
2024-01-19T16:00:00.000Z,BUY,40897,0,1124.2531185560997
2024-01-19T16:30:00.000Z,SELL,40613.1,-7.804373434679277,1116.4487451214204
2024-01-19T17:15:00.000Z,BUY,40545.2,0,1116.4487451214204
2024-01-19T18:00:00.000Z,SELL,41239.1,19.10716396120269,1135.5559090826232
2024-01-19T19:30:00.000Z,SELL,41718.7,0,1135.5559090826232
2024-01-19T20:15:00.000Z,BUY,42158,-11.957460583862865,1123.5984484987603
2024-01-20T21:45:00.000Z,SELL,41793.1,0,1123.5984484987603
2024-01-22T03:30:00.000Z,BUY,41180,16.483060810865627,1140.081509309626
2024-01-22T05:30:00.000Z,BUY,41002.9,0,1140.081509309626
2024-01-22T08:45:00.000Z,SELL,40811,-5.335760193462386,1134.7457491161636
2024-01-22T11:00:00.000Z,BUY,40703.5,0,1134.7457491161636
2024-01-22T15:30:00.000Z,SELL,40456,-6.899887550364231,1127.8458615657994
2024-01-22T20:15:00.000Z,BUY,39967.9,0,1127.8458615657994
2024-01-22T22:45:00.000Z,SELL,39775.8,-5.4208299662176,1122.4250315995819
2024-01-23T10:00:00.000Z,BUY,38964.5,0,1122.4250315995819
2024-01-23T11:45:00.000Z,SELL,38757.2,-5.971556392372457,1116.4534752072095
2024-01-24T00:30:00.000Z,SELL,39881,0,1116.4534752072095
2024-01-24T01:00:00.000Z,BUY,40166.9,-8.003662108817302,1108.4498130983923
2024-01-24T08:00:00.000Z,SELL,39979.4,0,1108.4498130983923
2024-01-24T10:45:00.000Z,BUY,40275.8,-8.217845305391403,1100.2319677930009
2024-01-24T11:30:00.000Z,SELL,40206.4,0,1100.2319677930009
2024-01-24T21:00:00.000Z,BUY,39548,18.016851237487398,1118.2488190304882
2024-01-25T12:00:00.000Z,SELL,40165.5,0,1118.2488190304882
2024-01-25T17:15:00.000Z,BUY,39607.4,15.538077850416746,1133.786896880905
2024-01-26T03:30:00.000Z,SELL,40077.7,0,1133.786896880905
2024-01-26T09:45:00.000Z,BUY,40295.3,-6.155842994016412,1127.6310538868886
2024-01-26T12:30:00.000Z,SELL,41453.6,0,1127.6310538868886
2024-01-26T16:30:00.000Z,BUY,41798.4,-9.379334662856845,1118.2517192240318
2024-01-26T17:30:00.000Z,SELL,41753.7,0,1118.2517192240318
2024-01-26T18:30:00.000Z,BUY,42015.6,-7.0142316792230535,1111.2374875448088
2024-01-27T08:00:00.000Z,BUY,41699.1,0,1111.2374875448088
2024-01-27T09:00:00.000Z,SELL,41455.4,-6.49435061463357,1104.7431369301753
2024-01-27T22:00:00.000Z,SELL,42137.8,0,1104.7431369301753
2024-01-28T04:30:00.000Z,BUY,42387.8,-6.554347503489594,1098.1887894266856
2024-01-28T05:45:00.000Z,SELL,42463.4,0,1098.1887894266856
2024-01-28T19:45:00.000Z,BUY,41795.1,17.28357992939466,1115.4723693560802
2024-01-28T20:30:00.000Z,BUY,41772,0,1115.4723693560802
2024-01-29T03:30:00.000Z,SELL,42446.7,18.01707381989237,1133.4894431759726
2024-01-29T17:30:00.000Z,SELL,43102.1,0,1133.4894431759726
2024-01-30T01:15:00.000Z,BUY,43358,-6.7296013073314995,1126.7598418686412
2024-01-30T03:15:00.000Z,SELL,43526.9,0,1126.7598418686412
2024-01-30T23:30:00.000Z,BUY,42874.2,16.89612972179657,1143.6559715904377
2024-01-31T00:15:00.000Z,BUY,43002.2,0,1143.6559715904377
2024-01-31T01:30:00.000Z,SELL,42772.4,-6.111597598994415,1137.5443739914433
2024-01-31T10:45:00.000Z,BUY,42630,0,1137.5443739914433
2024-01-31T11:00:00.000Z,SELL,42375.9,-6.780436909012997,1130.7639370824304
2024-01-31T16:45:00.000Z,SELL,43333.9,0,1130.7639370824304
2024-01-31T17:30:00.000Z,BUY,43540.4,-5.388454604997978,1125.3754824774323
2024-01-31T22:00:00.000Z,BUY,42472.8,0,1125.3754824774323
2024-02-01T01:15:00.000Z,SELL,42263.2,-5.553641415853825,1119.8218410615784
2024-02-01T02:30:00.000Z,BUY,42109,0,1119.8218410615784
2024-02-01T15:15:00.000Z,SELL,42766.6,17.487825469189303,1137.3096665307678
2024-02-01T16:00:00.000Z,SELL,42500.1,0,1137.3096665307678
2024-02-01T17:15:00.000Z,BUY,42917.5,-11.169692655074792,1126.139973875693
2024-02-02T01:00:00.000Z,SELL,43156.1,0,1126.139973875693
2024-02-02T16:15:00.000Z,BUY,43371.5,-5.620770884598606,1120.5192029910943
2024-02-03T01:00:00.000Z,SELL,43213.4,0,1120.5192029910943
2024-02-04T20:00:00.000Z,BUY,42623.9,15.285676900295973,1135.8048798913903
2024-02-05T01:30:00.000Z,BUY,42407.5,0,1135.8048798913903
2024-02-05T07:45:00.000Z,SELL,43056.4,17.37956226048517,1153.1844421518756
2024-02-05T08:45:00.000Z,SELL,42978.1,0,1153.1844421518756
2024-02-05T10:45:00.000Z,BUY,43172,-5.202707037613351,1147.9817351142622
2024-02-05T14:30:00.000Z,SELL,43356.6,0,1147.9817351142622
2024-02-05T15:45:00.000Z,BUY,42762.3,15.735679116406754,1163.717414230669
2024-02-05T16:45:00.000Z,BUY,42568.3,0,1163.717414230669
2024-02-05T22:00:00.000Z,SELL,42368.5,-5.462063069544497,1158.2553511611245
2024-02-06T09:30:00.000Z,SELL,43015,0,1158.2553511611245
2024-02-06T16:00:00.000Z,BUY,43232,-5.843110803253842,1152.4122403578706
2024-02-06T17:00:00.000Z,SELL,43144.2,0,1152.4122403578706
2024-02-07T17:30:00.000Z,BUY,43531.8,-10.353071429362867,1142.0591689285077
2024-02-07T19:00:00.000Z,SELL,43639,0,1142.0591689285077
2024-02-07T20:30:00.000Z,BUY,44047.6,-10.693310488878907,1131.3658584396287
2024-02-07T21:15:00.000Z,SELL,44139.3,0,1131.3658584396287
2024-02-08T00:30:00.000Z,BUY,44482.1,-8.78655112956254,1122.5793073100663
2024-02-08T14:45:00.000Z,SELL,44990.9,0,1122.5793073100663
2024-02-08T15:30:00.000Z,BUY,45345.9,-8.857694647030256,1113.721612663036
2024-02-08T16:30:00.000Z,SELL,45244.1,0,1113.721612663036
2024-02-08T20:15:00.000Z,BUY,45465.4,-5.4474858132294175,1108.2741268498066
2024-02-09T03:45:00.000Z,SELL,46064.7,0,1108.2741268498066
2024-02-09T07:30:00.000Z,BUY,46301.7,-5.702001056414221,1102.5721257933924
2024-02-09T08:45:00.000Z,SELL,46415,0,1102.5721257933924
2024-02-09T09:00:00.000Z,BUY,46632.2,-5.159510195460984,1097.4126155979313
2024-02-09T13:00:00.000Z,SELL,47309.4,0,1097.4126155979313
2024-02-09T13:45:00.000Z,BUY,47572.8,-6.109958759749578,1091.3026568381817
2024-02-09T19:00:00.000Z,SELL,47583,0,1091.3026568381817
2024-02-10T11:00:00.000Z,BUY,46872.6,16.29282322295454,1107.5954800611362
2024-02-10T20:15:00.000Z,SELL,47488.5,0,1107.5954800611362
2024-02-10T20:45:00.000Z,BUY,47889.9,-9.362031348569479,1098.2334487125668
2024-02-10T22:00:00.000Z,SELL,47934.2,0,1098.2334487125668
2024-02-11T03:45:00.000Z,BUY,48269.2,-7.675275801384187,1090.5581729111825
2024-02-11T04:45:00.000Z,SELL,48407.6,0,1090.5581729111825
2024-02-12T00:30:00.000Z,BUY,48716.3,-6.9545961373356,1083.603576773847
2024-02-12T01:15:00.000Z,SELL,48461,0,1083.603576773847
2024-02-12T15:00:00.000Z,BUY,48815,-7.915554078082207,1075.6880226957649
2024-02-12T16:30:00.000Z,SELL,49750.1,0,1075.6880226957649
2024-02-12T17:30:00.000Z,BUY,50092.2,-7.396826791588752,1068.291195904176
2024-02-12T21:30:00.000Z,SELL,50135.7,0,1068.291195904176
2024-02-13T14:15:00.000Z,BUY,49159.9,20.792340566967056,1089.0835364711431
2024-02-13T15:45:00.000Z,BUY,48825.2,0,1089.0835364711431
2024-02-13T17:00:00.000Z,SELL,48497.6,-7.307369279551234,1081.7761671915919
2024-02-14T08:30:00.000Z,SELL,49774,0,1081.7761671915919
2024-02-14T09:00:00.000Z,BUY,50801.7,-22.33578508905846,1059.4403821025335
2024-02-14T10:15:00.000Z,SELL,51516,0,1059.4403821025335
2024-02-14T13:45:00.000Z,BUY,51813.1,-6.10994132934741,1053.330440773186
2024-02-15T01:30:00.000Z,SELL,51963.9,0,1053.330440773186
2024-02-15T03:30:00.000Z,BUY,52304.1,-6.8959992600831495,1046.434441513103
2024-02-15T15:30:00.000Z,SELL,52240.8,0,1046.434441513103
2024-02-15T22:00:00.000Z,BUY,51349.1,17.861625233481078,1064.296066746584
2024-02-16T11:30:00.000Z,SELL,52295,0,1064.296066746584
2024-02-17T13:30:00.000Z,BUY,51419.9,17.809838187397155,1082.1059049339813
2024-02-17T15:30:00.000Z,BUY,51027.1,0,1082.1059049339813
2024-02-17T21:30:00.000Z,SELL,51886.3,18.220619896472293,1100.3265248304535
2024-02-17T22:00:00.000Z,SELL,51838.2,0,1100.3265248304535
2024-02-18T22:15:00.000Z,BUY,52252,-8.783389777709196,1091.5431350527444
2024-02-18T23:15:00.000Z,SELL,52312.9,0,1091.5431350527444
2024-02-20T01:30:00.000Z,BUY,51471.7,17.552192388614916,1109.0953274413594
2024-02-20T12:00:00.000Z,SELL,52325.8,0,1109.0953274413594
2024-02-20T13:45:00.000Z,BUY,52932,-12.84898821413048,1096.2463392272289
2024-02-21T10:45:00.000Z,BUY,51286.5,0,1096.2463392272289
2024-02-21T11:45:00.000Z,SELL,50988.5,-6.369734902746614,1089.8766043244823
2024-02-21T23:45:00.000Z,SELL,51719.1,0,1089.8766043244823
2024-02-22T10:00:00.000Z,BUY,51978.9,-5.474765450355936,1084.4018388741263
2024-02-22T14:15:00.000Z,BUY,51250,0,1084.4018388741263
2024-02-22T21:00:00.000Z,SELL,52024.8,16.39403989774978,1100.795878771876
2024-02-23T23:45:00.000Z,BUY,50885,0,1100.795878771876
2024-02-24T02:00:00.000Z,SELL,50614.8,-5.845240177737205,1094.9506385941388
2024-02-24T18:45:00.000Z,SELL,51597.9,0,1094.9506385941388
2024-02-25T02:30:00.000Z,BUY,51856.5,-5.4877085141147735,1089.462930080024
2024-02-25T21:00:00.000Z,SELL,51777.9,0,1089.462930080024
2024-02-26T09:45:00.000Z,BUY,50987.8,16.62455721565041,1106.0874872956745
2024-02-26T10:30:00.000Z,BUY,51242.5,0,1106.0874872956745
2024-02-26T15:15:00.000Z,SELL,51978.9,15.895454469327928,1121.9829417650024
2024-02-26T16:45:00.000Z,SELL,53340,0,1121.9829417650024
2024-02-26T18:30:00.000Z,BUY,53592.7,-5.315430997075606,1116.6675107679268
2024-02-27T03:00:00.000Z,SELL,56428.8,0,1116.6675107679268
2024-02-27T09:45:00.000Z,BUY,56719.6,-5.754630829138812,1110.9128799387881
2024-02-27T13:15:00.000Z,SELL,57004,0,1110.9128799387881
2024-02-27T15:30:00.000Z,BUY,57275.6,-5.293030983639275,1105.6198489551489
2024-02-28T09:30:00.000Z,SELL,59137.2,0,1105.6198489551489
2024-02-28T11:30:00.000Z,BUY,59430.1,-5.476012624185196,1100.1438363309637
2024-02-28T14:30:00.000Z,SELL,60225.8,0,1100.1438363309637
2024-02-28T15:00:00.000Z,BUY,61025.9,-14.615415377602332,1085.5284209533613
2024-02-28T15:45:00.000Z,SELL,60927.8,0,1085.5284209533613
2024-02-28T16:30:00.000Z,BUY,61478.3,-9.80805799216163,1075.7203629611997
2024-02-28T17:45:00.000Z,SELL,61450.6,0,1075.7203629611997
2024-02-28T18:30:00.000Z,BUY,60332.5,19.572842866089445,1095.293205827289
2024-02-29T00:00:00.000Z,SELL,62487.9,0,1095.293205827289
2024-02-29T01:00:00.000Z,BUY,61455.9,18.08898344181453,1113.3821892691035
2024-02-29T07:15:00.000Z,SELL,63174,0,1113.3821892691035
2024-02-29T13:30:00.000Z,BUY,62283.9,15.68717330972279,1129.0693625788263
2024-02-29T18:30:00.000Z,BUY,61050,0,1129.0693625788263
2024-02-29T20:15:00.000Z,SELL,62019.4,17.92825290882745,1146.9976154876538
2024-03-01T09:45:00.000Z,SELL,62128.2,0,1146.9976154876538
2024-03-01T12:45:00.000Z,BUY,62552.6,-7.835182542113918,1139.1624329455399
2024-03-03T13:00:00.000Z,SELL,62244.1,0,1139.1624329455399
2024-03-03T16:45:00.000Z,BUY,62709.6,-8.519363482420806,1130.643069463119
2024-03-03T17:45:00.000Z,SELL,62720.1,0,1130.643069463119
2024-03-03T22:15:00.000Z,BUY,63081.7,-6.518493017674751,1124.1245764454443
2024-03-03T23:00:00.000Z,SELL,62897.9,0,1124.1245764454443
2024-03-04T00:00:00.000Z,BUY,63178.5,-5.014942568044244,1119.1096338774
2024-03-04T01:15:00.000Z,SELL,63528.7,0,1119.1096338774
2024-03-04T01:30:00.000Z,BUY,63909.3,-6.70457803565546,1112.4050558417446
2024-03-04T09:15:00.000Z,SELL,65142.1,0,1112.4050558417446
2024-03-04T13:15:00.000Z,BUY,65443.2,-5.141761814770289,1107.2632940269743
2024-03-04T16:00:00.000Z,SELL,66505.4,0,1107.2632940269743
2024-03-04T16:15:00.000Z,BUY,66827.9,-5.369374702260257,1101.893919324714
2024-03-04T23:45:00.000Z,SELL,67846,0,1101.893919324714
2024-03-05T00:00:00.000Z,BUY,68296.4,-7.31499309117479,1094.5789262335393
2024-03-05T15:30:00.000Z,SELL,67270.1,0,1094.5789262335393
2024-03-05T16:15:00.000Z,BUY,65480.2,29.12418474278203,1123.7031109763213
2024-03-05T17:45:00.000Z,BUY,65072.4,0,1123.7031109763213
2024-03-05T18:30:00.000Z,SELL,64670.3,-6.943666146070795,1116.7594448302505
2024-03-06T06:30:00.000Z,SELL,65951.1,0,1116.7594448302505
2024-03-06T08:00:00.000Z,BUY,66759.4,-13.68705994678297,1103.0723848834675
2024-03-07T17:45:00.000Z,SELL,67895.9,0,1103.0723848834675
2024-03-08T00:00:00.000Z,BUY,66870,16.66730921383976,1119.7396940973074
2024-03-08T07:30:00.000Z,SELL,67454.1,0,1119.7396940973074
2024-03-08T12:00:00.000Z,BUY,67822,-6.107148912495947,1113.6325451848115
2024-03-08T16:00:00.000Z,SELL,67685.8,0,1113.6325451848115
2024-03-08T16:15:00.000Z,BUY,66481.2,19.81924959045517,1133.4517947752668
2024-03-10T02:45:00.000Z,SELL,69088.6,0,1133.4517947752668
2024-03-10T04:15:00.000Z,BUY,69597.1,-8.342334880765033,1125.1094598945017
2024-03-10T10:45:00.000Z,SELL,69741.4,0,1125.1094598945017
2024-03-10T22:30:00.000Z,BUY,68810.9,15.011375631000151,1140.120835525502
2024-03-10T23:30:00.000Z,BUY,68820.6,0,1140.120835525502
2024-03-11T00:45:00.000Z,SELL,68262.8,-9.240829083968002,1130.8800064415339
2024-03-11T08:45:00.000Z,SELL,71360.7,0,1130.8800064415339
2024-03-11T09:30:00.000Z,BUY,71761.8,-6.356383423701082,1124.5236230178327
2024-03-12T18:00:00.000Z,BUY,71161.2,0,1124.5236230178327
2024-03-12T18:15:00.000Z,SELL,70759.4,-6.349437498644886,1118.1741855191879
2024-03-13T08:00:00.000Z,SELL,72964,0,1118.1741855191879
2024-03-13T08:15:00.000Z,BUY,73307.9,-5.270271673702678,1112.9039138454852
2024-03-13T09:00:00.000Z,SELL,73511.4,0,1112.9039138454852
2024-03-13T14:00:00.000Z,BUY,72240,19.247981075903105,1132.1518949213882
2024-03-14T04:45:00.000Z,SELL,72990.6,0,1132.1518949213882
2024-03-14T06:15:00.000Z,BUY,73437.1,-6.925629068433467,1125.2262658529548
2024-03-14T14:30:00.000Z,BUY,72265.8,0,1125.2262658529548
2024-03-14T14:45:00.000Z,SELL,71869.5,-6.170652911301463,1119.0556129416534
2024-03-14T17:00:00.000Z,BUY,71412,0,1119.0556129416534
2024-03-14T17:30:00.000Z,SELL,70858.9,-8.667306048255686,1110.3883068933976
2024-03-14T20:15:00.000Z,BUY,70191,0,1110.3883068933976
2024-03-14T22:00:00.000Z,SELL,71163.8,15.389234302772442,1125.77754119617
2024-03-15T04:00:00.000Z,BUY,68266,0,1125.77754119617
2024-03-15T04:45:00.000Z,SELL,67038,-20.251000799649848,1105.5265403965202
2024-03-15T09:45:00.000Z,BUY,67594.5,0,1105.5265403965202
2024-03-15T11:30:00.000Z,SELL,66901.8,-11.329298012895523,1094.1972423836246
2024-03-15T19:45:00.000Z,SELL,69628.1,0,1094.1972423836246
2024-03-15T20:15:00.000Z,BUY,67932,26.654008120383466,1120.851250504008
2024-03-16T12:00:00.000Z,BUY,68300.1,0,1120.851250504008
2024-03-16T13:00:00.000Z,SELL,67931,-6.057182882031444,1114.7940676219766
2024-03-16T19:15:00.000Z,BUY,67569.6,0,1114.7940676219766
2024-03-16T20:00:00.000Z,SELL,66969.1,-9.907322784314204,1104.8867448376625
2024-03-17T00:00:00.000Z,BUY,65351,0,1104.8867448376625
2024-03-17T02:30:00.000Z,SELL,66471.9,18.95101149620556,1123.8377563338681
2024-03-17T08:00:00.000Z,BUY,65681.2,0,1123.8377563338681
2024-03-17T09:00:00.000Z,SELL,66559.3,15.024724484887248,1138.8624808187553
2024-03-17T17:00:00.000Z,SELL,68066.6,0,1138.8624808187553
2024-03-17T17:30:00.000Z,BUY,68417.4,-5.8694419623017176,1132.9930388564537
2024-03-17T23:15:00.000Z,SELL,68295.9,0,1132.9930388564537
2024-03-18T01:00:00.000Z,BUY,67360.8,15.512816884097875,1148.5058557405516
2024-03-18T06:00:00.000Z,SELL,68746.5,0,1148.5058557405516
2024-03-18T08:30:00.000Z,BUY,67580.8,19.474639087615483,1167.9804948281671
2024-03-18T15:45:00.000Z,BUY,67387.9,0,1167.9804948281671
2024-03-18T18:45:00.000Z,SELL,67051.2,-5.835751412473761,1162.1447434156935
2024-03-19T02:30:00.000Z,BUY,66209.8,0,1162.1447434156935
2024-03-19T03:15:00.000Z,SELL,65704.5,-8.869257101636816,1153.2754863140567
2024-03-19T07:45:00.000Z,BUY,64223.2,0,1153.2754863140567
2024-03-19T08:30:00.000Z,SELL,63768.6,-8.16339011569602,1145.1120961983606
2024-03-19T17:45:00.000Z,SELL,64968.2,0,1145.1120961983606
2024-03-19T20:15:00.000Z,BUY,63835.7,19.96114174233923,1165.0732379406998
2024-03-19T23:45:00.000Z,BUY,62087.5,0,1165.0732379406998
2024-03-20T00:45:00.000Z,SELL,62960.2,16.376233778954624,1181.4494717196544
2024-03-20T13:00:00.000Z,SELL,64102,0,1181.4494717196544
2024-03-20T16:30:00.000Z,BUY,62675,26.300714426132522,1207.750186145787
2024-03-20T18:30:00.000Z,SELL,64451.1,0,1207.750186145787
2024-03-20T19:00:00.000Z,BUY,65455.4,-18.819593644580426,1188.9305925012065
2024-03-20T19:45:00.000Z,SELL,65684.9,0,1188.9305925012065
2024-03-20T20:15:00.000Z,BUY,66296,-11.061225412195105,1177.8693670890113
2024-03-20T21:00:00.000Z,SELL,67092.2,0,1177.8693670890113
2024-03-20T21:30:00.000Z,BUY,67818,-12.742130778737438,1165.127236310274
2024-03-21T19:15:00.000Z,BUY,65260.5,0,1165.127236310274
2024-03-22T05:00:00.000Z,SELL,66180,16.416277745149007,1181.543514055423
2024-03-22T11:15:00.000Z,BUY,64876.4,0,1181.543514055423
2024-03-22T12:00:00.000Z,SELL,64268,-11.080316940386966,1170.463197115036
2024-03-22T14:15:00.000Z,BUY,63084.8,0,1170.463197115036
2024-03-22T15:00:00.000Z,SELL,62790,-5.469662272203701,1164.9935348428323
2024-03-22T22:45:00.000Z,BUY,63126,0,1164.9935348428323
2024-03-23T01:30:00.000Z,SELL,63968,15.53915274748384,1180.532687590316
2024-03-23T08:00:00.000Z,SELL,64606.5,0,1180.532687590316
2024-03-23T14:45:00.000Z,BUY,65117.5,-9.337329887219576,1171.1953577030965
2024-03-23T15:30:00.000Z,SELL,64865.9,0,1171.1953577030965
2024-03-23T16:00:00.000Z,BUY,65147.5,-5.084468306601623,1166.110889396495
2024-03-23T17:30:00.000Z,SELL,65714.7,0,1166.110889396495
2024-03-23T19:45:00.000Z,BUY,64867.4,15.035384116272997,1181.146273512768
2024-03-24T00:30:00.000Z,BUY,64416.4,0,1181.146273512768
2024-03-24T03:15:00.000Z,SELL,64019.8,-7.2721017019759255,1173.874171810792
2024-03-24T09:30:00.000Z,SELL,64929.9,0,1173.874171810792
2024-03-24T10:30:00.000Z,BUY,65215.7,-5.167006853599331,1168.7071649571926
2024-03-24T20:45:00.000Z,SELL,66292.7,0,1168.7071649571926
2024-03-24T22:15:00.000Z,BUY,66892.1,-10.567122393194898,1158.1400425639977
2024-03-24T23:45:00.000Z,SELL,67318.1,0,1158.1400425639977
2024-03-25T14:00:00.000Z,BUY,68046.6,-12.533108049809371,1145.6069345141882
2024-03-25T15:30:00.000Z,SELL,69535,0,1145.6069345141882
2024-03-25T16:00:00.000Z,BUY,69844.6,-5.100739295687055,1140.506195218501
2024-03-26T08:00:00.000Z,SELL,70535,0,1140.506195218501
2024-03-26T09:30:00.000Z,BUY,71082.4,-8.851110672185452,1131.6550845463155
2024-03-26T15:00:00.000Z,BUY,70377.6,0,1131.6550845463155
2024-03-26T16:30:00.000Z,SELL,69932.2,-7.161926161973963,1124.4931583843415
2024-03-27T14:00:00.000Z,SELL,69966.2,0,1124.4931583843415
2024-03-27T16:00:00.000Z,BUY,68922,16.7823285527144,1141.275486937056
2024-03-28T07:30:00.000Z,SELL,70407.3,0,1141.275486937056
2024-03-28T09:15:00.000Z,BUY,70801.8,-6.394694578497806,1134.8807923585582
2024-03-28T14:00:00.000Z,SELL,70924.5,0,1134.8807923585582
2024-03-28T14:45:00.000Z,BUY,71330,-6.488507656753242,1128.392284701805
2024-03-28T15:30:00.000Z,SELL,71117.8,0,1128.392284701805
2024-03-29T07:45:00.000Z,BUY,70058.5,16.80740893538081,1145.1996936371859
2024-03-29T08:45:00.000Z,BUY,70013.2,0,1145.1996936371859
2024-03-29T09:45:00.000Z,SELL,69699,-5.139341491901534,1140.0603521452842
2024-03-29T16:30:00.000Z,BUY,69442.9,0,1140.0603521452842
2024-03-31T06:00:00.000Z,SELL,70428.6,16.182467741261096,1156.2428198865452
2024-03-31T12:45:00.000Z,SELL,70482.1,0,1156.2428198865452
2024-03-31T18:45:00.000Z,BUY,71056.2,-9.417979925354885,1146.8248399611903
2024-03-31T20:00:00.000Z,SELL,71135.1,0,1146.8248399611903
2024-04-01T06:00:00.000Z,BUY,69212.2,31.000581776948124,1177.8254217381384
2024-04-01T06:45:00.000Z,BUY,69682.9,0,1177.8254217381384
2024-04-01T10:30:00.000Z,SELL,69382.1,-5.084316049688207,1172.7411056884503
2024-04-01T15:45:00.000Z,BUY,68678.6,0,1172.7411056884503
2024-04-01T16:00:00.000Z,SELL,68281,-6.78933268327739,1165.951773005173
2024-04-02T03:45:00.000Z,BUY,66680.7,0,1165.951773005173
2024-04-02T09:00:00.000Z,SELL,66283.8,-6.94003300363893,1159.011740001534
2024-04-02T12:00:00.000Z,BUY,65684.2,0,1159.011740001534
2024-04-02T13:00:00.000Z,SELL,65400,-5.014769708825449,1153.9969702927085
2024-04-02T14:00:00.000Z,BUY,65268.8,0,1153.9969702927085
2024-04-02T14:45:00.000Z,SELL,66174,16.004554358421732,1170.0015246511302
2024-04-04T08:00:00.000Z,SELL,66104.8,0,1170.0015246511302
2024-04-04T11:45:00.000Z,BUY,66434.1,-5.8283438126674705,1164.1731808384627
2024-04-04T15:00:00.000Z,SELL,67684,0,1164.1731808384627
2024-04-04T17:45:00.000Z,BUY,68053.9,-6.36232580214143,1157.8108550363213
2024-04-04T18:45:00.000Z,SELL,68904,0,1157.8108550363213
2024-04-04T20:15:00.000Z,BUY,67760.7,19.211151029882586,1177.0220060662039
2024-04-05T06:00:00.000Z,BUY,66907.4,0,1177.0220060662039
2024-04-05T12:00:00.000Z,SELL,66502.8,-7.117644739660723,1169.904361326543
2024-04-05T15:30:00.000Z,SELL,67725.4,0,1169.904361326543
2024-04-05T15:45:00.000Z,BUY,68018.8,-5.068260056245042,1164.836101270298
2024-04-06T16:00:00.000Z,SELL,68094,0,1164.836101270298
2024-04-06T17:45:00.000Z,BUY,68416.1,-5.509937853836899,1159.3261634164612
2024-04-07T00:00:00.000Z,SELL,68901.6,0,1159.3261634164612
2024-04-07T01:15:00.000Z,BUY,69204.6,-5.09822453346784,1154.2279388829934
2024-04-07T15:45:00.000Z,SELL,69605.8,0,1154.2279388829934
2024-04-07T16:15:00.000Z,BUY,69932.1,-5.410821748439413,1148.8171171345539
2024-04-07T17:15:00.000Z,SELL,69884.3,0,1148.8171171345539
2024-04-08T07:45:00.000Z,BUY,70694.1,-13.31217600313039,1135.5049411314235
2024-04-08T08:45:00.000Z,SELL,71270.7,0,1135.5049411314235
2024-04-08T09:00:00.000Z,BUY,72057.3,-12.532333577388526,1122.972607554035
2024-04-09T02:00:00.000Z,BUY,71318.6,0,1122.972607554035
2024-04-09T06:45:00.000Z,SELL,70826.1,-7.754835473780503,1115.2177720802545
2024-04-09T08:45:00.000Z,BUY,70214.7,0,1115.2177720802545
2024-04-09T14:45:00.000Z,SELL,69216,-15.86231927184118,1099.3554528084132
2024-04-09T15:45:00.000Z,BUY,69060.3,0,1099.3554528084132
2024-04-09T17:00:00.000Z,SELL,68662.7,-6.3293053756880795,1093.026147432725
2024-04-10T14:15:00.000Z,BUY,68270.7,0,1093.026147432725
2024-04-10T17:00:00.000Z,SELL,69542,20.35374093470884,1113.379888367434
2024-04-10T23:00:00.000Z,SELL,70584.4,0,1113.379888367434
2024-04-11T02:45:00.000Z,BUY,70945.9,-5.702206573192199,1107.6776817942418
2024-04-11T13:00:00.000Z,BUY,70906.6,0,1107.6776817942418
2024-04-11T13:45:00.000Z,SELL,69865.8,-16.259007359137936,1091.4186744351039
2024-04-12T03:15:00.000Z,SELL,70788.8,0,1091.4186744351039
2024-04-12T05:00:00.000Z,BUY,71162.8,-5.766315917754346,1085.6523585173495
2024-04-12T15:15:00.000Z,BUY,69416.1,0,1085.6523585173495
2024-04-12T16:30:00.000Z,SELL,69020,-6.194915865465338,1079.457442651884
2024-04-12T18:00:00.000Z,BUY,68191.3,0,1079.457442651884
2024-04-12T18:30:00.000Z,SELL,67677.1,-8.139704287960424,1071.3177383639236
2024-04-12T19:15:00.000Z,BUY,66631.9,0,1071.3177383639236
2024-04-13T01:45:00.000Z,SELL,66313.2,-5.124106669877031,1066.1936316940466
2024-04-13T02:30:00.000Z,BUY,66551.8,0,1066.1936316940466
2024-04-13T04:45:00.000Z,SELL,67736.1,18.973087399818827,1085.1667190938654
2024-04-13T21:15:00.000Z,BUY,62082.2,0,1085.1667190938654
2024-04-13T22:45:00.000Z,SELL,64551.7,43.16566121693981,1128.332380310805
2024-04-14T18:00:00.000Z,BUY,63849.8,0,1128.332380310805
2024-04-14T21:45:00.000Z,SELL,63447.2,-7.114612987247207,1121.2177673235578
2024-04-14T23:15:00.000Z,SELL,65310.5,0,1121.2177673235578
2024-04-14T23:45:00.000Z,BUY,65728.6,-7.177730204453894,1114.040037119104
2024-04-15T07:30:00.000Z,SELL,66421.9,0,1114.040037119104
2024-04-15T14:15:00.000Z,BUY,65196.6,20.5509516813285,1134.5909888004326
2024-04-15T15:30:00.000Z,BUY,64628.8,0,1134.5909888004326
2024-04-15T15:45:00.000Z,SELL,64312.1,-5.559827292988604,1129.031161507444
2024-04-16T05:15:00.000Z,BUY,62510.5,0,1129.031161507444
2024-04-16T08:00:00.000Z,SELL,63487.9,17.65327516589017,1146.6844366733342
2024-04-16T11:00:00.000Z,BUY,62534.2,0,1146.6844366733342
2024-04-16T15:00:00.000Z,SELL,62064.9,-8.605515160196992,1138.0789215131372
2024-04-16T22:30:00.000Z,SELL,63653.1,0,1138.0789215131372
2024-04-17T01:00:00.000Z,BUY,63991.9,-6.057539045367063,1132.02138246777
2024-04-17T10:45:00.000Z,BUY,62935.3,0,1132.02138246777
2024-04-17T12:00:00.000Z,SELL,62576.9,-6.446564384001513,1125.5748180837686
2024-04-17T13:15:00.000Z,BUY,62195.2,0,1125.5748180837686
2024-04-17T14:30:00.000Z,SELL,61464.1,-13.231049172621708,1112.343768911147
2024-04-17T16:30:00.000Z,BUY,60714.7,0,1112.343768911147
2024-04-17T16:45:00.000Z,SELL,60082.8,-11.576933223337138,1100.7668356878098
2024-04-18T12:00:00.000Z,SELL,62563,0,1100.7668356878098
2024-04-18T14:15:00.000Z,BUY,63424.8,-15.162969470705653,1085.6038662171043
2024-04-18T15:00:00.000Z,SELL,63778.3,0,1085.6038662171043
2024-04-18T18:00:00.000Z,BUY,62755.2,17.41472123789323,1103.0185874549975
2024-04-19T03:00:00.000Z,BUY,61334.1,0,1103.0185874549975
2024-04-19T04:15:00.000Z,SELL,62248.4,16.442564487130443,1119.461151942128
2024-04-19T07:30:00.000Z,SELL,64406.1,0,1119.461151942128
2024-04-19T10:00:00.000Z,BUY,64744.8,-5.887043186325576,1113.5741087558024
2024-04-20T17:00:00.000Z,SELL,64708.9,0,1113.5741087558024
2024-04-20T17:30:00.000Z,BUY,65216.4,-8.733556901656028,1104.8405518541463
2024-04-21T03:45:00.000Z,SELL,65111.8,0,1104.8405518541463
2024-04-22T03:45:00.000Z,BUY,65661.2,-9.322417736703047,1095.5181341174432
2024-04-22T04:45:00.000Z,SELL,65645.3,0,1095.5181341174432
2024-04-22T05:45:00.000Z,BUY,66115.4,-7.845239108490637,1087.6728950089525
2024-04-22T15:00:00.000Z,SELL,65999.9,0,1087.6728950089525
2024-04-22T17:15:00.000Z,BUY,66327.1,-5.392228946512676,1082.2806660624399
2024-04-22T18:15:00.000Z,SELL,66537.4,0,1082.2806660624399
2024-04-22T23:00:00.000Z,BUY,67000,-7.524535616367502,1074.7561304460723
2024-04-22T23:45:00.000Z,SELL,66802.1,0,1074.7561304460723
2024-04-23T01:15:00.000Z,BUY,67121.8,-5.143543914092613,1069.6125865319798
2024-04-23T15:30:00.000Z,SELL,66700.2,0,1069.6125865319798
2024-04-24T14:30:00.000Z,BUY,65437.9,20.242397593700073,1089.85498412568
2024-04-24T16:00:00.000Z,BUY,64594,0,1089.85498412568
2024-04-24T19:00:00.000Z,SELL,64100.1,-8.33327207882582,1081.5217120468542
2024-04-24T20:15:00.000Z,BUY,63913.2,0,1081.5217120468542
2024-04-25T10:30:00.000Z,SELL,63426,-8.244265317793886,1073.2774467290603
2024-04-27T02:15:00.000Z,BUY,62839.1,0,1073.2774467290603
2024-04-28T03:00:00.000Z,SELL,63919.4,18.451276764011688,1091.728723493072
2024-04-28T03:45:00.000Z,SELL,64026,0,1091.728723493072
2024-04-28T23:00:00.000Z,BUY,63127.9,15.31380324507429,1107.0425267381463
2024-04-29T00:00:00.000Z,BUY,63088.3,0,1107.0425267381463
2024-04-29T02:45:00.000Z,SELL,62727.2,-6.33640558400133,1100.706121154145
2024-04-29T04:30:00.000Z,BUY,62501,0,1100.706121154145
2024-04-29T06:45:00.000Z,SELL,62177.8,-5.691880423625485,1095.0142407305195
2024-04-29T23:45:00.000Z,SELL,63877.7,0,1095.0142407305195
2024-04-30T01:00:00.000Z,BUY,64565.9,-11.797369042259636,1083.21687168826
2024-04-30T10:00:00.000Z,BUY,61659,0,1083.21687168826
2024-04-30T11:30:00.000Z,SELL,61276.1,-6.72673478599128,1076.4901369022687
2024-04-30T14:45:00.000Z,BUY,61235.9,0,1076.4901369022687
2024-04-30T15:15:00.000Z,SELL,60819,-7.328850201835155,1069.1612867004335
2024-04-30T17:00:00.000Z,BUY,60315.5,0,1069.1612867004335
2024-04-30T19:15:00.000Z,SELL,59970.3,-6.119065185051713,1063.0422215153817
2024-04-30T20:30:00.000Z,BUY,59711,0,1063.0422215153817
2024-04-30T22:30:00.000Z,SELL,60764.6,18.757369405781255,1081.799590921163
2024-05-01T08:45:00.000Z,BUY,56862.2,0,1081.799590921163
2024-05-01T11:00:00.000Z,SELL,57742.7,16.751454213978427,1098.5510451351413
2024-05-01T19:30:00.000Z,SELL,58040.3,0,1098.5510451351413
2024-05-01T20:00:00.000Z,BUY,56935.7,20.90718835802509,1119.4582334931663
2024-05-02T13:00:00.000Z,SELL,58533,0,1119.4582334931663
2024-05-02T14:45:00.000Z,BUY,59228,-13.292048456046171,1106.1661850371202
2024-05-03T02:45:00.000Z,SELL,59526,0,1106.1661850371202
2024-05-03T12:45:00.000Z,BUY,60424,-16.687451435731173,1089.478733601389
2024-05-03T14:30:00.000Z,SELL,61681.1,0,1089.478733601389
2024-05-03T20:00:00.000Z,BUY,62031.9,-6.196211477217015,1083.282522124172
2024-05-03T21:30:00.000Z,SELL,62496.1,0,1083.282522124172
2024-05-03T22:30:00.000Z,BUY,62928,-7.486382691166831,1075.796139433005
2024-05-04T02:00:00.000Z,SELL,62832.1,0,1075.796139433005
2024-05-04T05:15:00.000Z,BUY,63139.9,-5.270077742387762,1070.5260616906173
2024-05-04T11:45:00.000Z,SELL,64110.1,0,1070.5260616906173
2024-05-05T01:45:00.000Z,BUY,63024.5,18.127613161909476,1088.6536748525268
2024-05-05T08:15:00.000Z,SELL,63642.8,0,1088.6536748525268
2024-05-05T13:30:00.000Z,BUY,63977.6,-5.726983261902701,1082.9266915906242
2024-05-05T14:30:00.000Z,SELL,63838.3,0,1082.9266915906242
2024-05-05T15:30:00.000Z,BUY,64322.8,-8.218858930699241,1074.7078326599249
2024-05-05T16:15:00.000Z,SELL,64505.3,0,1074.7078326599249
2024-05-06T08:30:00.000Z,BUY,65352.4,-14.11333650174824,1060.5944961581765
2024-05-06T09:15:00.000Z,SELL,65294.3,0,1060.5944961581765
2024-05-06T10:45:00.000Z,BUY,64111.2,19.217440854787398,1079.8119370129639
2024-05-07T09:15:00.000Z,SELL,64232,0,1079.8119370129639
2024-05-07T14:00:00.000Z,BUY,63191.5,17.49197161013185,1097.3039086230958
2024-05-08T00:30:00.000Z,BUY,62413.9,0,1097.3039086230958
2024-05-08T09:45:00.000Z,SELL,62083.5,-5.80878957105825,1091.4951190520376
2024-05-09T16:00:00.000Z,SELL,62122.5,0,1091.4951190520376
2024-05-09T16:15:00.000Z,BUY,62416.1,-5.158565205097616,1086.33655384694
2024-05-09T23:30:00.000Z,SELL,62907.4,0,1086.33655384694
2024-05-10T07:30:00.000Z,BUY,63244.5,-5.821319150080942,1080.5152346968591
2024-05-10T15:45:00.000Z,BUY,60938.4,0,1080.5152346968591
2024-05-10T17:30:00.000Z,SELL,60435,-8.925921408281157,1071.589313288578
2024-05-12T11:00:00.000Z,SELL,61148,0,1071.589313288578
2024-05-12T16:15:00.000Z,BUY,61467.1,-5.592074145849148,1065.9972391427289
2024-05-12T17:15:00.000Z,SELL,61476.3,0,1065.9972391427289
2024-05-13T08:00:00.000Z,BUY,62296.6,-14.223977943838127,1051.7732611988906
2024-05-13T09:15:00.000Z,SELL,62955.4,0,1051.7732611988906
2024-05-14T06:15:00.000Z,BUY,61761,19.95441190391859,1071.7276731028091
2024-05-14T07:00:00.000Z,BUY,62014.7,0,1071.7276731028091
2024-05-14T10:15:00.000Z,SELL,61648.9,-6.321694417952565,1065.4059786848566
2024-05-15T08:30:00.000Z,SELL,62091.3,0,1065.4059786848566
2024-05-15T09:45:00.000Z,BUY,62427.1,-5.761891402537396,1059.644087282319
2024-05-15T11:00:00.000Z,SELL,62643,0,1059.644087282319
2024-05-15T12:45:00.000Z,BUY,63640,-16.86485569050767,1042.7792315918114
2024-05-15T14:15:00.000Z,SELL,63973.4,0,1042.7792315918114
2024-05-15T14:45:00.000Z,BUY,64317.7,-5.612158951018018,1037.1670726407933
2024-05-15T20:15:00.000Z,SELL,65793.1,0,1037.1670726407933
2024-05-15T23:15:00.000Z,BUY,66118.7,-5.132781383637999,1032.0342912571552
2024-05-16T08:45:00.000Z,SELL,66192.2,0,1032.0342912571552
2024-05-16T17:00:00.000Z,BUY,65134.2,16.495784701975012,1048.5300759591303
2024-05-16T18:15:00.000Z,BUY,64992.3,0,1048.5300759591303
2024-05-17T07:15:00.000Z,SELL,66302.9,21.144097340023773,1069.674173299154
2024-05-17T08:15:00.000Z,SELL,66289.8,0,1069.674173299154
2024-05-17T15:00:00.000Z,BUY,66778,-7.877756931000604,1061.7964163681534
2024-05-17T16:00:00.000Z,SELL,67170,0,1061.7964163681534
2024-05-19T10:45:00.000Z,BUY,67544.8,-5.924688057984024,1055.8717283101694
2024-05-19T20:30:00.000Z,BUY,66242,0,1055.8717283101694
2024-05-20T11:15:00.000Z,SELL,67222.8,15.633570712336843,1071.5052990225063
2024-05-20T17:45:00.000Z,SELL,68239.9,0,1071.5052990225063
2024-05-20T18:45:00.000Z,BUY,68645.6,-6.3703156044109575,1065.1349834180953
2024-05-20T20:30:00.000Z,SELL,69512,0,1065.1349834180953
2024-05-20T23:15:00.000Z,BUY,70060.1,-8.398556859412249,1056.736426558683
2024-05-21T00:15:00.000Z,SELL,71302.8,0,1056.736426558683
2024-05-21T15:00:00.000Z,BUY,70247,15.647384382670253,1072.3838109413532
2024-05-21T16:30:00.000Z,BUY,70043.7,0,1072.3838109413532
2024-05-21T17:15:00.000Z,SELL,69659.4,-5.883714003468766,1066.5000969378843
2024-05-22T05:15:00.000Z,BUY,69759.6,0,1066.5000969378843
2024-05-22T21:15:00.000Z,SELL,69115.5,-9.847142363742014,1056.6529545741423
2024-05-23T15:00:00.000Z,BUY,67797.6,0,1056.6529545741423
2024-05-23T18:15:00.000Z,SELL,67204,-9.251495537234605,1047.4014590369077
2024-05-24T16:30:00.000Z,SELL,68130.4,0,1047.4014590369077
2024-05-24T17:15:00.000Z,BUY,68530.9,-6.157079429216349,1041.2443796076914
2024-05-25T10:15:00.000Z,SELL,69129.2,0,1041.2443796076914
2024-05-25T11:15:00.000Z,BUY,69524.4,-5.952618847331614,1035.2917607603597
2024-05-25T11:45:00.000Z,SELL,69419.4,0,1035.2917607603597
2024-05-26T21:45:00.000Z,BUY,68409.4,15.062715586247696,1050.3544763466075
2024-05-27T02:45:00.000Z,SELL,69160,0,1050.3544763466075
2024-05-27T15:00:00.000Z,BUY,69548.6,-5.901789321982328,1044.4526870246252
2024-05-27T16:30:00.000Z,SELL,70502.9,0,1044.4526870246252
2024-05-27T20:00:00.000Z,BUY,69298,17.849776996350005,1062.3024640209753
2024-05-28T02:45:00.000Z,BUY,68684.3,0,1062.3024640209753
2024-05-28T03:30:00.000Z,SELL,68239.1,-6.885664656728468,1055.4167993642468
2024-05-28T04:15:00.000Z,BUY,67896.9,0,1055.4167993642468
2024-05-28T18:45:00.000Z,SELL,67516.3,-5.9161999124852995,1049.5005994517614
2024-05-29T03:00:00.000Z,SELL,68721.2,0,1049.5005994517614
2024-05-29T14:30:00.000Z,BUY,67705,15.519264930805587,1065.019864382567
2024-05-29T16:45:00.000Z,BUY,67647,0,1065.019864382567
2024-05-29T20:00:00.000Z,SELL,67315.9,-5.212767411667541,1059.8070969708995
2024-05-30T03:15:00.000Z,SELL,67984.5,0,1059.8070969708995
2024-05-30T14:00:00.000Z,BUY,68654.6,-10.446156633941648,1049.3609403369578
2024-05-30T18:30:00.000Z,SELL,69338.6,0,1049.3609403369578
2024-05-30T20:15:00.000Z,BUY,68229.9,16.778914984605937,1066.1398553215638
2024-05-31T13:30:00.000Z,SELL,68743.1,0,1066.1398553215638
2024-05-31T14:45:00.000Z,BUY,67383.3,21.089199865386714,1087.2290551869505
2024-06-02T10:15:00.000Z,BUY,67526,0,1087.2290551869505
2024-06-03T02:00:00.000Z,SELL,68521.5,16.0284412587538,1103.2574964457044
2024-06-03T03:00:00.000Z,SELL,68460.4,0,1103.2574964457044
2024-06-03T05:45:00.000Z,BUY,68802.8,-5.517866778210745,1097.7396296674938
2024-06-03T07:15:00.000Z,SELL,69162.3,0,1097.7396296674938
2024-06-03T12:45:00.000Z,BUY,69700,-8.534340223968957,1089.2052894435249
2024-06-03T13:30:00.000Z,SELL,69722.3,0,1089.2052894435249
2024-06-03T14:15:00.000Z,BUY,70100.6,-5.909821692578825,1083.295467750946
2024-06-04T15:00:00.000Z,SELL,69691.9,0,1083.295467750946
2024-06-04T15:30:00.000Z,BUY,70029.9,-5.253894184256991,1078.041573566689
2024-06-04T17:00:00.000Z,SELL,70858,0,1078.041573566689
2024-06-05T04:45:00.000Z,BUY,71260,-6.1160731685033305,1071.9255003981857
2024-06-05T16:30:00.000Z,SELL,71689.6,0,1071.9255003981857
2024-06-06T20:00:00.000Z,BUY,70526.1,17.397018810445154,1089.3225192086309
2024-06-06T20:30:00.000Z,BUY,70619.9,0,1089.3225192086309
2024-06-07T12:00:00.000Z,SELL,71750,17.431961514497758,1106.7544807231286
2024-06-07T13:00:00.000Z,SELL,71274,0,1106.7544807231286
2024-06-07T17:45:00.000Z,BUY,70305,15.046792544556382,1121.801273267685
2024-06-07T19:00:00.000Z,BUY,69186.5,0,1121.801273267685
2024-06-11T02:00:00.000Z,SELL,68741.4,-7.2169244972856434,1114.5843487703994
2024-06-11T03:15:00.000Z,BUY,68362.2,0,1114.5843487703994
2024-06-11T04:30:00.000Z,SELL,67950.1,-6.718920838244994,1107.8654279321545
2024-06-11T10:30:00.000Z,BUY,67285.3,0,1107.8654279321545
2024-06-11T11:30:00.000Z,SELL,66950,-5.520779100125207,1102.3446488320292
2024-06-11T16:30:00.000Z,BUY,66622.6,0,1102.3446488320292
2024-06-11T17:30:00.000Z,SELL,66314,-5.106128530402154,1097.238520301627
2024-06-12T11:15:00.000Z,SELL,67893.7,0,1097.238520301627
2024-06-12T12:45:00.000Z,BUY,69417.9,-24.632785555121266,1072.6057347465057
2024-06-12T13:30:00.000Z,SELL,69198,0,1072.6057347465057
2024-06-12T14:15:00.000Z,BUY,69561.9,-5.640643181511708,1066.965091564994
2024-06-12T20:30:00.000Z,BUY,67941.1,0,1066.965091564994
2024-06-13T03:30:00.000Z,SELL,67437.4,-7.910238671750972,1059.0548528932432
2024-06-13T04:15:00.000Z,BUY,67636.8,0,1059.0548528932432
2024-06-13T09:45:00.000Z,SELL,67197.3,-6.881676954654571,1052.1731759385887
2024-06-13T16:30:00.000Z,BUY,66666.7,0,1052.1731759385887
2024-06-14T16:15:00.000Z,SELL,65841.7,-13.020636541921764,1039.152539396667
2024-06-14T17:30:00.000Z,BUY,65516.1,0,1039.152539396667
2024-06-14T18:15:00.000Z,SELL,65133.9,-6.062083984812941,1033.090455411854
2024-06-15T21:00:00.000Z,BUY,66035.3,0,1033.090455411854
2024-06-17T10:00:00.000Z,SELL,65696.3,-5.303491683760329,1027.7869637280937
2024-06-17T11:00:00.000Z,BUY,65863,0,1027.7869637280937
2024-06-17T13:45:00.000Z,SELL,65389.2,-7.393611943190772,1020.393351784903
2024-06-17T14:30:00.000Z,BUY,65525.2,0,1020.393351784903
2024-06-17T18:00:00.000Z,SELL,66587.2,16.53803024783697,1036.93138203274
2024-06-17T19:00:00.000Z,SELL,67067.7,0,1036.93138203274
2024-06-18T00:45:00.000Z,BUY,66011,16.337602025922962,1053.268984058663
2024-06-18T02:30:00.000Z,BUY,65277.3,0,1053.268984058663
2024-06-18T13:30:00.000Z,SELL,64874,-6.507367511690309,1046.7616165469726
2024-06-18T15:45:00.000Z,BUY,64785,0,1046.7616165469726
2024-06-18T16:15:00.000Z,SELL,64435.8,-5.642188106787062,1041.1194284401856
2024-06-20T07:00:00.000Z,SELL,65438.1,0,1041.1194284401856
2024-06-20T07:30:00.000Z,BUY,65822.5,-6.115799638015298,1035.0036288021704
2024-06-20T08:00:00.000Z,SELL,65831.4,0,1035.0036288021704
2024-06-20T11:00:00.000Z,BUY,66192.6,-5.678799337753048,1029.3248294644172
2024-06-20T12:00:00.000Z,SELL,66150,0,1029.3248294644172
2024-06-20T14:00:00.000Z,BUY,65118.8,16.045952594764987,1045.3707820591821
2024-06-20T14:45:00.000Z,BUY,64850,0,1045.3707820591821
2024-06-21T04:00:00.000Z,SELL,64473.4,-6.070726854641272,1039.300055204541
2024-06-21T09:45:00.000Z,BUY,64109.8,0,1039.300055204541
2024-06-21T11:45:00.000Z,SELL,63705.1,-6.560693253469551,1032.7393619510715
2024-06-23T01:30:00.000Z,SELL,64397.4,0,1032.7393619510715
2024-06-23T23:45:00.000Z,BUY,63350.6,16.787503285697632,1049.526865236769
2024-06-24T00:30:00.000Z,BUY,63082,0,1049.526865236769
2024-06-24T04:15:00.000Z,SELL,62663.9,-6.956139348078558,1042.5707258886905
2024-06-24T06:30:00.000Z,BUY,62300,0,1042.5707258886905
2024-06-24T09:45:00.000Z,SELL,61054,-20.85141451777381,1021.7193113709167
2024-06-24T10:30:00.000Z,BUY,61322.8,0,1021.7193113709167
2024-06-24T11:30:00.000Z,SELL,60868.8,-7.564243109616589,1014.1550682613001
2024-06-24T18:00:00.000Z,BUY,60232.2,0,1014.1550682613001
2024-06-24T19:45:00.000Z,SELL,59845.6,-6.509347979815068,1007.6457202814851
2024-06-24T20:15:00.000Z,BUY,59310.1,0,1007.6457202814851
2024-06-24T20:30:00.000Z,SELL,58904.4,-6.892618099079172,1000.7531021824059
