DATE,ACTION,PRICE,PROFIT,PROFIT_PERCENT,TOTAL_BALANCE
2021-01-02T18:45:00.000Z,BUY LONG position entered,0.226,0,,1000
2021-01-03T01:45:00.000Z,SELL LONG position closed-2,0.2192,-30.08849557522124,-3.008849557522124,969.9115044247787
2021-01-03T02:00:00.000Z,BUY LONG position entered,0.2221,0,,969.9115044247787
2021-01-04T14:00:00.000Z,SELL LONG position closed-2,0.2404,79.91616628083503,8.239531742458356,1049.8276707056139
2021-01-04T14:15:00.000Z,BUY LONG position entered,0.2386,0,,1049.8276707056139
2021-01-04T19:15:00.000Z,SELL LONG position closed-2,0.2219,-73.47913705274004,-6.9991617770327,976.3485336528738
2021-01-04T19:30:00.000Z,BUY LONG position entered,0.2231,0,,976.3485336528738
2021-01-06T23:45:00.000Z,SELL LONG position closed-2,0.2705,207.43577093297287,21.246077991931884,1183.7843045858467
2021-01-07T00:00:00.000Z,BUY LONG position entered,0.2501,0,,1183.7843045858467
2021-01-07T20:00:00.000Z,SELL LONG position closed-2,0.3247,353.09999648982074,29.828068772491008,1536.8843010756675
2021-01-07T20:15:00.000Z,BUY LONG position entered,0.3159,0,,1536.8843010756675
2021-01-11T12:45:00.000Z,SELL LONG position closed-2,0.264,-252.49856038565096,-16.429249762583094,1284.3857406900165
2021-01-11T13:00:00.000Z,SELL SHORT position entered,0.2742,0,,1284.3857406900165
2021-01-19T15:00:00.000Z,BUY SHORT position closed-2,0.3216,-222.02729434247547,-17.286652078774615,1062.358446347541
2021-01-19T15:15:00.000Z,BUY LONG position entered,0.3159,0,,1062.358446347541
2021-01-20T12:45:00.000Z,SELL LONG position closed-2,0.286,-100.5524455390678,-9.4650205761317,961.8060008084733
2021-01-20T13:00:00.000Z,SELL SHORT position entered,0.2859,0,,961.8060008084733
2021-01-20T16:15:00.000Z,BUY SHORT position closed-2,0.3022,-54.835389343050544,-5.701294158796795,906.9706114654227
2021-01-20T16:30:00.000Z,BUY LONG position entered,0.3057,0,,906.9706114654227
2021-01-21T21:15:00.000Z,SELL LONG position closed-2,0.2753,-90.19269410712752,-9.944389924762852,816.7779173582952
2021-01-21T21:30:00.000Z,BUY LONG position entered,0.2775,0,,816.7779173582952
2021-01-22T02:00:00.000Z,SELL LONG position closed-2,0.2697,-22.958082001422433,-2.8108108108108207,793.8198353568728
2021-01-22T02:15:00.000Z,BUY LONG position entered,0.2715,0,,793.8198353568728
2021-01-22T07:30:00.000Z,SELL LONG position closed-2,0.2658,-16.665830797547716,-2.0994475138121684,777.154004559325
2021-01-22T07:45:00.000Z,SELL SHORT position entered,0.2664,0,,777.154004559325
2021-01-23T10:00:00.000Z,BUY SHORT position closed-2,0.2823,-46.384191713563226,-5.968468468468457,730.7698128457617
2021-01-23T10:15:00.000Z,BUY LONG position entered,0.2728,0,,730.7698128457617
2021-01-23T20:30:00.000Z,SELL LONG position closed-2,0.2676,-13.929629863628843,-1.9061583577712549,716.8401829821329
2021-01-23T20:45:00.000Z,BUY LONG position entered,0.2693,0,,716.8401829821329
2021-01-24T14:30:00.000Z,SELL LONG position closed-2,0.2772,21.028731695354114,2.933531377645755,737.868914677487
2021-01-24T14:45:00.000Z,BUY LONG position entered,0.2777,0,,737.868914677487
2021-01-26T07:15:00.000Z,SELL LONG position closed-2,0.269,-23.11652703526873,-3.132877205617568,714.7523876422183
2021-01-26T07:30:00.000Z,SELL SHORT position entered,0.2676,0,,714.7523876422183
2021-01-27T23:45:00.000Z,BUY SHORT position closed-2,0.2458,58.22721244618972,8.146487294469363,772.979600088408
2021-01-28T00:00:00.000Z,BUY LONG position entered,0.2464,0,,772.979600088408
2021-01-28T01:00:00.000Z,SELL LONG position closed-2,0.2526,19.4499737035232,2.5162337662337593,792.4295737919313
2021-01-28T01:15:00.000Z,BUY LONG position entered,0.2541,0,,792.4295737919313
2021-01-29T14:00:00.000Z,SELL LONG position closed-2,0.2795,79.21177164232617,9.996064541519099,871.6413454342575
2021-01-29T14:15:00.000Z,BUY LONG position entered,0.2802,0,,871.6413454342575
2021-01-30T20:00:00.000Z,SELL LONG position closed-2,0.3351,170.78197667502047,19.593147751605997,1042.423322109278
2021-01-30T20:15:00.000Z,BUY LONG position entered,0.3245,0,,1042.423322109278
2021-01-31T01:30:00.000Z,SELL LONG position closed-2,0.4754,484.7509377697689,46.502311248073944,1527.1742598790468
2021-01-31T01:45:00.000Z,BUY LONG position entered,0.4322,0,,1527.1742598790468
2021-02-01T20:30:00.000Z,SELL LONG position closed-2,0.7303,1053.3332875287917,68.97269782508097,2580.5075474078385
2021-02-01T20:45:00.000Z,BUY LONG position entered,0.7354,0,,2580.5075474078385
2021-02-01T22:45:00.000Z,SELL LONG position closed-2,0.4229,-1096.5578033246527,-42.49388088115312,1483.9497440831858
2021-02-01T23:00:00.000Z,SELL SHORT position entered,0.4685,0,,1483.9497440831858
2021-04-06T01:00:00.000Z,BUY SHORT position closed-2,0.7704,-956.2527806589407,-64.43970117395943,527.6969634242452
2021-04-06T01:15:00.000Z,BUY LONG position entered,0.7565,0,,527.6969634242452
2021-04-06T17:30:00.000Z,SELL LONG position closed-2,0.9605,142.30030474361672,26.96629213483147,669.9972681678619
2021-04-06T17:45:00.000Z,BUY LONG position entered,0.9754,0,,669.9972681678619
2021-04-11T00:15:00.000Z,SELL LONG position closed-2,1.2903,216.30319842737305,32.284191101086726,886.3004665952349
2021-04-11T00:30:00.000Z,BUY LONG position entered,1.2787,0,,886.3004665952349
2021-04-13T17:00:00.000Z,SELL LONG position closed-2,1.6392,249.87199359316668,28.192695706577,1136.1724601884016
2021-04-13T17:15:00.000Z,BUY LONG position entered,1.6159,0,,1136.1724601884016
2021-04-18T12:30:00.000Z,SELL LONG position closed-2,1.3527,-185.06132280561124,-16.28813664211894,951.1111373827904
2021-04-18T12:45:00.000Z,SELL SHORT position entered,1.2615,0,,951.1111373827904
2021-04-30T21:15:00.000Z,BUY SHORT position closed-2,1.6207,-270.81975469512344,-28.474038842647637,680.291382687667
2021-04-30T21:30:00.000Z,BUY LONG position entered,1.6314,0,,680.291382687667
2021-05-04T09:30:00.000Z,SELL LONG position closed-2,1.513,-49.37262456186087,-7.257570185117082,630.9187581258061
2021-05-04T09:45:00.000Z,SELL SHORT position entered,1.5049,0,,630.9187581258061
2021-05-05T22:30:00.000Z,BUY SHORT position closed-2,1.5824,-32.49133082247993,-5.149843843444755,598.4274273033262
2021-05-05T22:45:00.000Z,BUY LONG position entered,1.5911,0,,598.4274273033262
2021-05-11T05:00:00.000Z,SELL LONG position closed-2,1.4036,-70.52048433120085,-11.784300169693923,527.9069429721254
2021-05-11T05:15:00.000Z,SELL SHORT position entered,1.3136,0,,527.9069429721254
2021-05-16T10:15:00.000Z,BUY SHORT position closed-2,1.5773,-105.97522903604549,-20.07460414129109,421.9317139360799
2021-05-16T10:30:00.000Z,BUY LONG position entered,1.5544,0,,421.9317139360799
2021-05-17T02:15:00.000Z,SELL LONG position closed-2,1.4371,-31.840317836272614,-7.546320123520325,390.0913960998073
2021-05-17T02:30:00.000Z,BUY LONG position entered,1.4555,0,,390.0913960998073
2021-05-17T04:00:00.000Z,SELL LONG position closed-2,1.4176,-10.157652979857586,-2.6039161800068737,379.9337431199497
2021-05-17T04:15:00.000Z,SELL SHORT position entered,1.4045,0,,379.9337431199497
2021-05-17T21:15:00.000Z,BUY SHORT position closed-2,1.5582,-41.57765490746618,-10.943396226415091,338.35608821248354
2021-05-17T21:30:00.000Z,BUY LONG position entered,1.5273,0,,338.35608821248354
2021-05-19T13:30:00.000Z,SELL LONG position closed-2,1.4146,-24.96741382933733,-7.379034898186343,313.3886743831462
2021-05-19T13:45:00.000Z,BUY LONG position entered,1.3983,0,,313.3886743831462
2021-05-19T14:15:00.000Z,SELL LONG position closed-2,1.4548,12.662847817097731,4.040620753772437,326.05152220024394
2021-05-19T14:30:00.000Z,BUY LONG position entered,1.4459,0,,326.05152220024394
2021-05-19T20:30:00.000Z,SELL LONG position closed-2,1.2627,-41.31173585108562,-12.670309150010375,284.7397863491583
2021-05-19T20:45:00.000Z,SELL SHORT position entered,1.258,0,,284.7397863491583
2021-05-23T21:45:00.000Z,BUY SHORT position closed-2,0.6839,129.94364971625737,45.63593004769475,414.68343606541566
2021-05-23T22:00:00.000Z,BUY LONG position entered,0.7189,0,,414.68343606541566
2021-05-24T01:15:00.000Z,SELL LONG position closed-2,0.678,-23.592366859195263,-5.689247461399352,391.0910692062204
2021-05-24T01:30:00.000Z,BUY LONG position entered,0.6693,0,,391.0910692062204
2021-05-24T05:15:00.000Z,SELL LONG position closed-2,0.7204,29.8591866673209,7.634842372628124,420.9502558735413
2021-05-24T05:30:00.000Z,BUY LONG position entered,0.7131,0,,420.9502558735413
2021-05-24T20:45:00.000Z,SELL LONG position closed-2,0.8717,93.62320934166834,22.240919927078963,514.5734652152097
2021-05-24T21:00:00.000Z,BUY LONG position entered,0.8758,0,,514.5734652152097
2021-05-25T09:15:00.000Z,SELL LONG position closed-2,1.0211,85.37054635278591,16.590545786709278,599.9440115679956
2021-05-25T09:30:00.000Z,BUY LONG position entered,1.0348,0,,599.9440115679956
2021-05-28T18:15:00.000Z,SELL LONG position closed-2,0.8642,-98.90843484103213,-16.486277541553925,501.0355767269635
2021-05-28T18:30:00.000Z,SELL SHORT position entered,0.8518,0,,501.0355767269635
2021-05-31T16:15:00.000Z,BUY SHORT position closed-2,0.9883,-80.29039237289328,-16.02488847147217,420.7451843540702
2021-05-31T16:30:00.000Z,BUY LONG position entered,1.0095,0,,420.7451843540702
2021-06-08T06:15:00.000Z,SELL LONG position closed-2,0.8741,-56.4327864898872,-13.412580485388812,364.312397864183
2021-06-08T06:30:00.000Z,SELL SHORT position entered,0.8644,0,,364.312397864183
2021-06-21T20:00:00.000Z,BUY SHORT position closed-2,0.6687,82.48025944241164,22.639981490050904,446.79265730659466
2021-06-21T20:15:00.000Z,SELL SHORT position entered,0.6609,0,,446.79265730659466
2021-07-28T18:15:00.000Z,BUY SHORT position closed-2,0.7346,-49.82390504387354,-11.151460130125585,396.9687522627211
2021-07-28T18:30:00.000Z,BUY LONG position entered,0.7352,0,,396.9687522627211
2021-08-12T04:45:00.000Z,SELL LONG position closed-2,1.0116,149.2412447298914,37.59521218715997,546.2099969926126
2021-08-12T05:00:00.000Z,BUY LONG position entered,1.0646,0,,546.2099969926126
2021-09-20T20:45:00.000Z,SELL LONG position closed-2,0.9028,-83.01406867687835,-15.19819650572985,463.1959283157342
2021-09-20T21:00:00.000Z,BUY LONG position entered,0.9191,0,,463.1959283157342
2021-09-21T09:15:00.000Z,SELL LONG position closed-2,0.8933,-13.002344631210926,-2.8070938962028116,450.1935836845233
2021-09-21T09:30:00.000Z,SELL SHORT position entered,0.8882,0,,450.1935836845233
2021-09-21T11:15:00.000Z,BUY SHORT position closed-2,0.9466,-29.600658958766225,-6.575095699166855,420.59292472575703
2021-09-21T11:30:00.000Z,BUY LONG position entered,0.9425,0,,420.59292472575703
2021-10-09T23:45:00.000Z,SELL LONG position closed-2,1.1419,88.98273654144924,21.156498673740042,509.57566126720627
2021-10-10T00:00:00.000Z,BUY LONG position entered,1.1432,0,,509.57566126720627
2021-10-18T05:30:00.000Z,SELL LONG position closed-2,1.0531,-40.16162270834091,-7.88138558432471,469.41403855886534
2021-10-18T05:45:00.000Z,SELL SHORT position entered,1.0615,0,,469.41403855886534
2021-10-20T23:00:00.000Z,BUY SHORT position closed-2,1.1288,-29.761248040519636,-6.340084785680632,439.6527905183457
2021-10-20T23:15:00.000Z,BUY LONG position entered,1.1329,0,,439.6527905183457
2021-10-22T00:30:00.000Z,SELL LONG position closed-2,1.0945,-14.902168908027601,-3.3895312913761133,424.7506216103181
2021-10-22T00:45:00.000Z,BUY LONG position entered,1.1055,0,,424.7506216103181
2021-10-22T23:15:00.000Z,SELL LONG position closed-2,1.0833,-8.529591858660389,-2.0081411126187243,416.2210297516577
2021-10-22T23:30:00.000Z,SELL SHORT position entered,1.0841,0,,416.2210297516577
2021-10-23T00:00:00.000Z,BUY SHORT position closed-2,1.1175,-12.823339538516109,-3.0808965962549464,403.3976902131416
2021-10-23T00:15:00.000Z,BUY LONG position entered,1.1118,0,,403.3976902131416
2021-10-25T01:15:00.000Z,SELL LONG position closed-2,1.0694,-15.384117705556038,-3.8136355459615037,388.01357250758554
2021-10-25T01:30:00.000Z,BUY LONG position entered,1.0751,0,,388.01357250758554
2021-10-25T03:45:00.000Z,SELL LONG position closed-2,1.0617,-4.836184421543662,-1.246395684122394,383.1773880860419
2021-10-25T04:00:00.000Z,BUY LONG position entered,1.0654,0,,383.1773880860419
2021-10-26T10:00:00.000Z,SELL LONG position closed-2,1.1057,14.494132475940953,3.7826168575183035,397.67152056198285
2021-10-26T10:15:00.000Z,BUY LONG position entered,1.1054,0,,397.67152056198285
2021-10-27T06:00:00.000Z,SELL LONG position closed-2,1.1604,19.78644258269325,4.975574452686825,417.4579631446761
2021-10-27T06:15:00.000Z,BUY LONG position entered,1.1534,0,,417.4579631446761
2021-10-27T16:30:00.000Z,SELL LONG position closed-2,1.0945,-21.31808048311202,-5.106641234610712,396.1398826615641
2021-10-27T16:45:00.000Z,SELL SHORT position entered,1.0867,0,,396.1398826615641
2021-10-28T10:00:00.000Z,BUY SHORT position closed-2,0.9836,37.5835298632624,9.487439035612402,433.72341252482653
2021-10-28T10:15:00.000Z,BUY LONG position entered,1,0,,433.72341252482653
2021-10-28T17:00:00.000Z,SELL LONG position closed-2,1.0543,23.551181300098087,5.4300000000000015,457.27459382492464
2021-10-28T17:15:00.000Z,BUY LONG position entered,1.0523,0,,457.27459382492464
2021-11-03T13:45:00.000Z,SELL LONG position closed-2,1.1982,63.40051623971915,13.864867433241463,520.6751100646438
2021-11-03T14:00:00.000Z,BUY LONG position entered,1.2059,0,,520.6751100646438
2021-11-06T21:15:00.000Z,SELL LONG position closed-2,1.1205,-36.8734176959288,-7.081847582718296,483.801692368715
2021-11-06T21:30:00.000Z,BUY LONG position entered,1.1289,0,,483.801692368715
2021-11-07T23:45:00.000Z,SELL LONG position closed-2,1.2198,38.95612883011443,8.052086101514746,522.7578211988294
2021-11-08T00:00:00.000Z,BUY LONG position entered,1.21,0,,522.7578211988294
2021-11-10T22:30:00.000Z,SELL LONG position closed-2,1.3193,47.221016410770275,9.033057851239665,569.9788376095997
2021-11-10T22:45:00.000Z,BUY LONG position entered,1.3174,0,,569.9788376095997
2021-11-11T06:15:00.000Z,SELL LONG position closed-2,1.2349,-35.69398368209494,-6.26233490207984,534.2848539275049
2021-11-11T06:30:00.000Z,SELL SHORT position entered,1.1874,0,,534.2848539275049
2021-12-04T14:15:00.000Z,BUY SHORT position closed-2,0.7597,192.44873844095824,36.019875357924874,726.7335923684631
2021-12-04T14:30:00.000Z,SELL SHORT position entered,0.6426,0,,726.7335923684631
2021-12-09T19:00:00.000Z,BUY SHORT position closed-2,0.9308,-325.93311752348444,-44.849050731403686,400.8004748449786
2021-12-09T19:15:00.000Z,BUY LONG position entered,0.9009,0,,400.8004748449786
2021-12-10T16:15:00.000Z,SELL LONG position closed-2,0.8303,-31.40916142086301,-7.836607836607835,369.3913134241156
2021-12-10T16:30:00.000Z,BUY LONG position entered,0.8346,0,,369.3913134241156
2021-12-10T22:45:00.000Z,SELL LONG position closed-2,0.8607,11.551777235046035,3.1272465851905116,380.9430906591616
2021-12-10T23:00:00.000Z,BUY LONG position entered,0.8598,0,,380.9430906591616
2021-12-11T01:00:00.000Z,SELL LONG position closed-2,0.8234,-16.12738834611942,-4.233542684345195,364.8157023130422
2021-12-11T01:15:00.000Z,SELL SHORT position entered,0.818,0,,364.8157023130422
2021-12-20T11:00:00.000Z,BUY SHORT position closed-2,0.8706,-23.458809219640653,-6.430317848410769,341.35689309340154
2021-12-20T11:15:00.000Z,BUY LONG position entered,0.8755,0,,341.35689309340154
2021-12-24T03:30:00.000Z,SELL LONG position closed-2,1.0062,50.959846861573496,14.92861222158767,392.31673995497505
2021-12-24T03:45:00.000Z,BUY LONG position entered,0.9939,0,,392.31673995497505
2021-12-24T12:45:00.000Z,SELL LONG position closed-2,0.9674,-10.460200833893577,-2.666264211691314,381.8565391210815
2021-12-24T13:00:00.000Z,BUY LONG position entered,0.9735,0,,381.8565391210815
2021-12-24T14:15:00.000Z,SELL LONG position closed-2,0.9633,-4.000962197262482,-1.047765793528504,377.855576923819
2021-12-24T14:30:00.000Z,SELL SHORT position entered,0.9568,0,,377.855576923819
2021-12-29T02:45:00.000Z,BUY SHORT position closed-2,0.859,38.622779497438856,10.221571906354516,416.47835642125784
2021-12-29T03:00:00.000Z,BUY LONG position entered,0.8642,0,,416.47835642125784
2021-12-29T04:15:00.000Z,SELL LONG position closed-2,0.8495,-7.084276601935274,-1.7009951400138783,409.39407981932254
2021-12-29T04:30:00.000Z,BUY LONG position entered,0.8521,0,,409.39407981932254
2021-12-29T17:00:00.000Z,SELL LONG position closed-2,0.8398,-5.909573033420559,-1.443492547823023,403.484506785902
2021-12-29T17:15:00.000Z,BUY LONG position entered,0.8432,0,,403.484506785902
2021-12-29T21:15:00.000Z,SELL LONG position closed-2,0.8346,-4.1152357191161455,-1.01992409867172,399.36927106678587
2021-12-29T21:30:00.000Z,SELL SHORT position entered,0.8269,0,,399.36927106678587
2022-01-03T00:45:00.000Z,BUY SHORT position closed-2,0.8571,-14.585744329685493,-3.652194944975209,384.7835267371004
2022-01-03T01:00:00.000Z,BUY LONG position entered,0.8558,0,,384.7835267371004
2022-01-03T17:30:00.000Z,SELL LONG position closed-2,0.8413,-6.51946849461082,-1.694321103061458,378.26405824248957
2022-01-03T17:45:00.000Z,BUY LONG position entered,0.8408,0,,378.26405824248957
2022-01-03T18:30:00.000Z,SELL LONG position closed-2,0.8372,-1.6195892122656261,-0.4281636536631704,376.64446903022395
2022-01-03T18:45:00.000Z,SELL SHORT position entered,0.8368,0,,376.64446903022395
2022-01-06T05:00:00.000Z,BUY SHORT position closed-2,0.7978,17.55393677363617,4.660611854684517,394.1984058038601
2022-01-06T05:15:00.000Z,SELL SHORT position entered,0.7893,0,,394.1984058038601
2022-01-21T15:15:00.000Z,BUY SHORT position closed-2,0.6862,51.49101183121496,13.062207018877483,445.6894176350751
2022-01-21T15:30:00.000Z,BUY LONG position entered,0.6891,0,,445.6894176350751
2022-01-21T21:15:00.000Z,SELL LONG position closed-2,0.6794,-6.273671964969157,-1.4076331446814745,439.41574567010593
2022-01-21T21:30:00.000Z,SELL SHORT position entered,0.6778,0,,439.41574567010593
2022-01-22T07:45:00.000Z,BUY SHORT position closed-2,0.6295,31.31274788413414,7.125995868987903,470.72849355424006
2022-01-22T08:00:00.000Z,BUY LONG position entered,0.6332,0,,470.72849355424006
2022-01-22T16:30:00.000Z,SELL LONG position closed-2,0.6037,-21.93065470601716,-4.658875552747942,448.7978388482229
2022-01-22T16:45:00.000Z,BUY LONG position entered,0.6053,0,,448.7978388482229
2022-01-22T18:45:00.000Z,SELL LONG position closed-2,0.583,-16.53426698548714,-3.684123575086732,432.2635718627358
2022-01-22T19:00:00.000Z,SELL SHORT position entered,0.5731,0,,432.2635718627358
2022-02-05T08:45:00.000Z,BUY SHORT position closed-2,0.6478,-56.342852587936406,-13.034374454719941,375.92071927479935
2022-02-05T09:00:00.000Z,BUY LONG position entered,0.6555,0,,375.92071927479935
2022-02-07T11:45:00.000Z,SELL LONG position closed-2,0.7215,37.85014107114688,10.068649885583532,413.77086034594623
2022-02-07T12:00:00.000Z,BUY LONG position entered,0.7117,0,,413.77086034594623
2022-02-08T07:15:00.000Z,SELL LONG position closed-2,0.8235,64.99871039297007,15.708866095264861,478.7695707389163
2022-02-08T07:30:00.000Z,BUY LONG position entered,0.8328,0,,478.7695707389163
2022-02-12T05:30:00.000Z,SELL LONG position closed-2,0.7734,-34.14855007431753,-7.132564841498561,444.62102066459875
2022-02-12T05:45:00.000Z,BUY LONG position entered,0.7741,0,,444.62102066459875
2022-02-12T07:30:00.000Z,SELL LONG position closed-2,0.7598,-8.213513235374956,-1.8473065495414005,436.4075074292238
2022-02-12T07:45:00.000Z,BUY LONG position entered,0.762,0,,436.4075074292238
2022-02-12T08:00:00.000Z,SELL LONG position closed-2,0.7528,-5.268962031953875,-1.2073490813648275,431.1385453972699
2022-02-12T08:15:00.000Z,BUY LONG position entered,0.7541,0,,431.1385453972699
2022-02-12T10:00:00.000Z,SELL LONG position closed-2,0.7713,9.83368648830797,2.2808646068160714,440.9722318855779
2022-02-12T10:15:00.000Z,BUY LONG position entered,0.7767,0,,440.9722318855779
2022-02-13T02:15:00.000Z,SELL LONG position closed-2,0.8482,40.59419927876764,9.205613492983135,481.56643116434554
2022-02-13T02:30:00.000Z,BUY LONG position entered,0.8451,0,,481.56643116434554
2022-02-18T06:30:00.000Z,SELL LONG position closed-2,0.7601,-48.43586161279063,-10.057981303987692,433.1305695515549
2022-02-18T06:45:00.000Z,BUY LONG position entered,0.7702,0,,433.1305695515549
2022-02-19T22:30:00.000Z,SELL LONG position closed-2,0.8188,27.330752635945938,6.310049337834327,460.46132218750085
2022-02-19T22:45:00.000Z,BUY LONG position entered,0.821,0,,460.46132218750085
2022-02-21T06:30:00.000Z,SELL LONG position closed-2,0.7678,-29.837444994366635,-6.479902557856263,430.6238771931342
2022-02-21T06:45:00.000Z,SELL SHORT position entered,0.7682,0,,430.6238771931342
2022-02-21T08:00:00.000Z,BUY SHORT position closed-2,0.7905,-12.500536919300815,-2.902889872429053,418.1233402738334
2022-02-21T08:15:00.000Z,BUY LONG position entered,0.7856,0,,418.1233402738334
2022-02-22T03:15:00.000Z,SELL LONG position closed-2,0.7591,-14.10421145271967,-3.3732179226069205,404.0191288211137
2022-02-22T03:30:00.000Z,SELL SHORT position entered,0.751,0,,404.0191288211137
2022-02-24T12:45:00.000Z,BUY SHORT position closed-2,0.6323,63.857617298357134,15.805592543275635,467.87674611947085
2022-02-24T13:00:00.000Z,SELL SHORT position entered,0.6387,0,,467.87674611947085
2022-02-25T05:15:00.000Z,BUY SHORT position closed-2,0.7076,-50.47237796717007,-10.787537184906835,417.4043681523008
2022-02-25T05:30:00.000Z,BUY LONG position entered,0.7002,0,,417.4043681523008
2022-03-22T05:00:00.000Z,SELL LONG position closed-2,0.8467,87.3318193863354,20.922593544701506,504.73618753863616
2022-03-22T05:15:00.000Z,BUY LONG position entered,0.8505,0,,504.73618753863616
2022-04-01T01:30:00.000Z,SELL LONG position closed-2,0.8071,-25.756085290037397,-5.102880658436213,478.98010224859877
2022-04-01T01:45:00.000Z,BUY LONG position entered,0.8089,0,,478.98010224859877
2022-04-07T00:30:00.000Z,SELL LONG position closed-2,0.7726,-21.49459477268406,-4.487575720113735,457.4855074759147
2022-04-07T00:45:00.000Z,BUY LONG position entered,0.7785,0,,457.4855074759147
2022-04-07T02:15:00.000Z,SELL LONG position closed-2,0.7607,-10.460169599320807,-2.2864482980089824,447.0253378765939
2022-04-07T02:30:00.000Z,BUY LONG position entered,0.7694,0,,447.0253378765939
2022-04-07T10:00:00.000Z,SELL LONG position closed-2,0.7554,-8.134071653590226,-1.8195996880686267,438.89126622300364
2022-04-07T10:15:00.000Z,BUY LONG position entered,0.7618,0,,438.89126622300364
2022-04-07T20:45:00.000Z,SELL LONG position closed-2,0.7876,14.863999302380499,3.3867156734050843,453.7552655253841
2022-04-07T21:00:00.000Z,BUY LONG position entered,0.7847,0,,453.7552655253841
2022-04-08T00:15:00.000Z,SELL LONG position closed-2,0.7711,-7.864243164451636,-1.7331464253854907,445.8910223609325
2022-04-08T00:30:00.000Z,SELL SHORT position entered,0.7704,0,,445.8910223609325
2022-04-08T09:15:00.000Z,BUY SHORT position closed-2,0.7912,-12.038594580876705,-2.699896157840088,433.8524277800558
2022-04-08T09:30:00.000Z,BUY LONG position entered,0.789,0,,433.8524277800558
2022-04-08T20:15:00.000Z,SELL LONG position closed-2,0.7759,-7.2033799796181635,-1.6603295310519646,426.64904780043764
2022-04-08T20:30:00.000Z,SELL SHORT position entered,0.7744,0,,426.64904780043764
2022-04-11T12:00:00.000Z,BUY SHORT position closed-2,0.7359,21.21124527416947,4.9715909090909065,447.8602930746071
2022-04-11T12:15:00.000Z,SELL SHORT position entered,0.7359,0,,447.8602930746071
2022-04-15T12:00:00.000Z,BUY SHORT position closed-2,0.7622,-16.005878119122382,-3.573855143361868,431.85441495548474
2022-04-15T12:15:00.000Z,BUY LONG position entered,0.7684,0,,431.85441495548474
2022-04-22T19:00:00.000Z,SELL LONG position closed-2,0.7214,-26.414832773175107,-6.116605934409153,405.43958218230966
2022-04-22T19:15:00.000Z,BUY LONG position entered,0.7225,0,,405.43958218230966
2022-04-22T23:30:00.000Z,SELL LONG position closed-2,0.7165,-3.3669723087804293,-0.8304498269896201,402.07260987352925
2022-04-22T23:45:00.000Z,SELL SHORT position entered,0.7178,0,,402.07260987352925
2022-04-23T01:45:00.000Z,BUY SHORT position closed-2,0.7295,-6.553705120535399,-1.6299804959598836,395.5189047529938
2022-04-23T02:00:00.000Z,BUY LONG position entered,0.7262,0,,395.5189047529938
2022-04-23T12:15:00.000Z,SELL LONG position closed-2,0.7119,-7.78837832273176,-1.9691545028917627,387.73052643026205
2022-04-23T12:30:00.000Z,SELL SHORT position entered,0.7111,0,,387.73052643026205
2022-04-25T15:15:00.000Z,BUY SHORT position closed-2,0.6641,25.6269649025767,6.6094782730980075,413.3574913328387
2022-04-25T15:30:00.000Z,SELL SHORT position entered,0.6658,0,,413.3574913328387
2022-04-26T04:30:00.000Z,BUY SHORT position closed-2,0.6841,-11.361432999986466,-2.74857314508863,401.9960583328523
2022-04-26T04:45:00.000Z,BUY LONG position entered,0.6864,0,,401.9960583328523
2022-04-26T23:00:00.000Z,SELL LONG position closed-2,0.6653,-12.357396315301843,-3.0740093240093245,389.6386620175504
2022-04-26T23:15:00.000Z,SELL SHORT position entered,0.6649,0,,389.6386620175504
2022-04-29T20:00:00.000Z,BUY SHORT position closed-2,0.617,28.06992316234123,7.204090840727936,417.70858517989166
2022-04-29T20:15:00.000Z,SELL SHORT position entered,0.6168,0,,417.70858517989166
2022-05-05T04:15:00.000Z,BUY SHORT position closed-2,0.6441,-18.488074538604145,-4.426070038910504,399.2205106412875
2022-05-05T04:30:00.000Z,BUY LONG position entered,0.6435,0,,399.2205106412875
2022-05-06T00:15:00.000Z,SELL LONG position closed-2,0.6051,-23.822948886752815,-5.967365967365966,375.39756175453465
2022-05-06T00:30:00.000Z,SELL SHORT position entered,0.6016,0,,375.39756175453465
2022-05-10T03:30:00.000Z,BUY SHORT position closed-2,0.5019,62.2126610819932,16.57247340425532,437.61022283652784
2022-05-10T03:45:00.000Z,SELL SHORT position entered,0.4727,0,,437.61022283652784
2022-06-14T10:45:00.000Z,BUY SHORT position closed-2,0.297,162.65732209092013,37.16945208377407,600.267544927448
2022-06-14T11:00:00.000Z,SELL SHORT position entered,0.2938,0,,600.267544927448
2022-06-15T10:45:00.000Z,BUY SHORT position closed-2,0.3238,-61.29348654807154,-10.211027910142944,538.9740583793764
2022-06-15T11:00:00.000Z,BUY LONG position entered,0.3221,0,,538.9740583793764
2022-06-15T13:30:00.000Z,SELL LONG position closed-2,0.3074,-24.59769841098053,-4.563800062092516,514.3763599683958
2022-06-15T13:45:00.000Z,SELL SHORT position entered,0.3079,0,,514.3763599683958
2022-06-16T04:30:00.000Z,BUY SHORT position closed-2,0.3249,-28.400123804685734,-5.52127314063008,485.9762361637101
2022-06-16T04:45:00.000Z,BUY LONG position entered,0.3261,0,,485.9762361637101
2022-06-19T04:45:00.000Z,SELL LONG position closed-2,0.2967,-43.81386489792416,-9.015639374425017,442.16237126578596
2022-06-19T05:00:00.000Z,SELL SHORT position entered,0.2952,0,,442.16237126578596
2022-06-19T07:30:00.000Z,BUY SHORT position closed-2,0.3116,-24.564576181432507,-5.555555555555545,417.59779508435344
2022-06-19T07:45:00.000Z,BUY LONG position entered,0.3106,0,,417.59779508435344
2022-06-24T10:15:00.000Z,SELL LONG position closed-2,0.3756,87.39168280902439,20.92723760463619,504.98947789337785
2022-06-24T10:30:00.000Z,BUY LONG position entered,0.3685,0,,504.98947789337785
2022-06-29T16:00:00.000Z,SELL LONG position closed-2,0.3289,-54.267525982571904,-10.74626865671641,450.72195191080596
2022-06-29T16:15:00.000Z,SELL SHORT position entered,0.3272,0,,450.72195191080596
2022-07-08T01:45:00.000Z,BUY SHORT position closed-2,0.338,-14.877130442043763,-3.3007334963325285,435.8448214687622
2022-07-08T02:00:00.000Z,BUY LONG position entered,0.3371,0,,435.8448214687622
2022-07-11T00:30:00.000Z,SELL LONG position closed-2,0.3236,-17.454479649446142,-4.004746366063486,418.39034181931606
2022-07-11T00:45:00.000Z,SELL SHORT position entered,0.3236,0,,418.39034181931606
2022-07-15T10:30:00.000Z,BUY SHORT position closed-2,0.343,-25.08273371846336,-5.995055624227449,393.3076081008527
2022-07-15T10:45:00.000Z,BUY LONG position entered,0.3437,0,,393.3076081008527
2022-07-30T23:00:00.000Z,SELL LONG position closed-2,0.3986,62.8239385648438,15.973232470177482,456.1315466656965
2022-07-30T23:15:00.000Z,BUY LONG position entered,0.4006,0,,456.1315466656965
2022-08-03T09:45:00.000Z,SELL LONG position closed-2,0.3651,-40.42104320177793,-8.861707438841744,415.71050346391854
2022-08-03T10:00:00.000Z,SELL SHORT position entered,0.3668,0,,415.71050346391854
2022-08-04T03:30:00.000Z,BUY SHORT position closed-2,0.376,-10.426762900403611,-2.5081788440567028,405.2837405635149
2022-08-04T03:45:00.000Z,BUY LONG position entered,0.3757,0,,405.2837405635149
2022-08-04T07:45:00.000Z,SELL LONG position closed-2,0.3698,-6.3645836287589095,-1.5704019164226675,398.919156934756
2022-08-04T08:00:00.000Z,SELL SHORT position entered,0.3695,0,,398.919156934756
2022-08-05T21:00:00.000Z,BUY SHORT position closed-2,0.3773,-8.421026858162676,-2.1109607577807927,390.4981300765933
2022-08-05T21:15:00.000Z,BUY LONG position entered,0.3773,0,,390.4981300765933
2022-08-05T22:15:00.000Z,SELL LONG position closed-2,0.3715,-6.002886706716808,-1.5372382719321565,384.4952433698765
2022-08-05T22:30:00.000Z,BUY LONG position entered,0.3717,0,,384.4952433698765
2022-08-05T23:15:00.000Z,SELL LONG position closed-2,0.3749,3.3101554446694075,0.8609093354856163,387.8053988145459
2022-08-05T23:30:00.000Z,BUY LONG position entered,0.3733,0,,387.8053988145459
2022-08-06T00:30:00.000Z,SELL LONG position closed-2,0.3702,-3.220457370278893,-0.8304312885079151,384.58494144426703
2022-08-06T00:45:00.000Z,BUY LONG position entered,0.3693,0,,384.58494144426703
2022-08-06T01:00:00.000Z,SELL LONG position closed-2,0.3698,0.5206944779911554,0.1353912808015165,385.10563592225816
2022-08-06T01:15:00.000Z,BUY LONG position entered,0.3699,0,,385.10563592225816
2022-08-06T01:45:00.000Z,SELL LONG position closed-2,0.3692,-0.7287751963925218,-0.18924033522574588,384.37686072586564
2022-08-06T02:00:00.000Z,BUY LONG position entered,0.3697,0,,384.37686072586564
2022-08-06T08:00:00.000Z,SELL LONG position closed-2,0.3754,5.926286465072894,1.5417906410603297,390.30314719093855
2022-08-06T08:15:00.000Z,BUY LONG position entered,0.3759,0,,390.30314719093855
2022-08-09T23:00:00.000Z,SELL LONG position closed-2,0.3663,-9.967837757470095,-2.5538707102952904,380.33530943346847
2022-08-09T23:15:00.000Z,SELL SHORT position entered,0.3623,0,,380.33530943346847
2022-08-10T22:30:00.000Z,BUY SHORT position closed-2,0.3772,-15.64172263471893,-4.112613855920499,364.69358679874955
2022-08-10T22:45:00.000Z,BUY LONG position entered,0.3766,0,,364.69358679874955
2022-08-19T10:30:00.000Z,SELL LONG position closed-2,0.361,-15.10679754131836,-4.142326075411578,349.5867892574312
2022-08-19T10:45:00.000Z,BUY LONG position entered,0.3622,0,,349.5867892574312
2022-08-19T12:15:00.000Z,SELL LONG position closed-2,0.3599,-2.219905067068195,-0.6350082827167378,347.366884190363
2022-08-19T12:30:00.000Z,BUY LONG position entered,0.3604,0,,347.366884190363
2022-08-19T15:45:00.000Z,SELL LONG position closed-2,0.3446,-15.228625888478716,-4.38401775804661,332.1382583018843
2022-08-19T16:00:00.000Z,SELL SHORT position entered,0.3423,0,,332.1382583018843
2022-08-26T17:45:00.000Z,BUY SHORT position closed-2,0.3643,-21.34689360982022,-6.427110721589255,310.7913646920641
2022-08-26T18:00:00.000Z,BUY LONG position entered,0.3698,0,,310.7913646920641
2022-08-27T00:15:00.000Z,SELL LONG position closed-2,0.3427,-22.775678699715904,-7.328285559762036,288.0156859923482
2022-08-27T00:30:00.000Z,SELL SHORT position entered,0.3415,0,,288.0156859923482
2022-09-17T22:30:00.000Z,BUY SHORT position closed-2,0.3655,-20.24121951337144,-7.027818448023416,267.77446647897676
2022-09-17T22:45:00.000Z,BUY LONG position entered,0.3677,0,,267.77446647897676
2022-09-19T11:30:00.000Z,SELL LONG position closed-2,0.3446,-16.822382854676,-6.2822953494696785,250.95208362430077
2022-09-19T11:45:00.000Z,SELL SHORT position entered,0.3419,0,,250.95208362430077
2022-09-20T04:15:00.000Z,BUY SHORT position closed-2,0.3882,-33.9838592331241,-13.541971336648148,216.96822439117668
2022-09-20T04:30:00.000Z,BUY LONG position entered,0.3892,0,,216.96822439117668
2022-09-23T05:00:00.000Z,SELL LONG position closed-2,0.4831,52.346650232095286,24.126413155190125,269.314874623272
2022-09-23T05:15:00.000Z,BUY LONG position entered,0.4839,0,,269.314874623272
2022-09-28T11:30:00.000Z,SELL LONG position closed-2,0.4257,-32.39124964470846,-12.027278363298198,236.9236249785635
2022-09-28T11:45:00.000Z,SELL SHORT position entered,0.4196,0,,236.9236249785635
2022-09-29T07:15:00.000Z,BUY SHORT position closed-2,0.4523,-18.463781069587775,-7.793136320305057,218.45984390897573
2022-09-29T07:30:00.000Z,BUY LONG position entered,0.4489,0,,218.45984390897573
2022-10-06T13:45:00.000Z,SELL LONG position closed-2,0.5034,26.52274781251763,12.14078859434171,244.98259172149335
2022-10-06T14:00:00.000Z,BUY LONG position entered,0.5014,0,,244.98259172149335
2022-10-07T11:00:00.000Z,SELL LONG position closed-2,0.4844,-8.306150896021894,-3.3905065815715916,236.67644082547145
2022-10-07T11:15:00.000Z,SELL SHORT position entered,0.4831,0,,236.67644082547145
2022-10-08T02:45:00.000Z,BUY SHORT position closed-2,0.5011,-8.818414272114449,-3.7259366590767993,227.858026553357
2022-10-08T03:00:00.000Z,BUY LONG position entered,0.5068,0,,227.858026553357
2022-10-11T16:15:00.000Z,SELL LONG position closed-2,0.4852,-9.711391818375125,-4.262036306235203,218.1466347349819
2022-10-11T16:30:00.000Z,BUY LONG position entered,0.4884,0,,218.1466347349819
2022-10-11T19:00:00.000Z,SELL LONG position closed-2,0.4802,-3.662576586459558,-1.6789516789516759,214.48405814852234
2022-10-11T19:15:00.000Z,SELL SHORT position entered,0.4799,0,,214.48405814852234
2022-10-12T00:15:00.000Z,BUY SHORT position closed-2,0.4976,-7.910747716667731,-3.6882683892477592,206.5733104318546
2022-10-12T00:30:00.000Z,BUY LONG position entered,0.4966,0,,206.5733104318546
2022-10-13T10:45:00.000Z,SELL LONG position closed-2,0.4758,-8.65228525369024,-4.1884816753926675,197.92102517816434
2022-10-13T11:00:00.000Z,SELL SHORT position entered,0.4744,0,,197.92102517816434
2022-10-14T10:45:00.000Z,BUY SHORT position closed-2,0.4969,-9.387063799554598,-4.742833052276564,188.53396137860975
2022-10-14T11:00:00.000Z,BUY LONG position entered,0.4977,0,,188.53396137860975
2022-10-17T01:30:00.000Z,SELL LONG position closed-2,0.4754,-8.447473053532239,-4.480610809724731,180.0864883250775
2022-10-17T01:45:00.000Z,SELL SHORT position entered,0.4745,0,,180.0864883250775
2022-10-20T09:00:00.000Z,BUY SHORT position closed-2,0.45,9.298459355035602,5.16332982086406,189.3849476801131
2022-10-20T09:15:00.000Z,BUY LONG position entered,0.4527,0,,189.3849476801131
2022-10-21T03:15:00.000Z,SELL LONG position closed-2,0.4353,-7.279209387307185,-3.8436050364479732,182.1057382928059
2022-10-21T03:30:00.000Z,SELL SHORT position entered,0.4372,0,,182.1057382928059
2022-10-22T21:00:00.000Z,BUY SHORT position closed-2,0.4661,-12.037639150645237,-6.610247026532488,170.06809914216066
2022-10-22T21:15:00.000Z,BUY LONG position entered,0.4651,0,,170.06809914216066
2022-10-23T19:45:00.000Z,SELL LONG position closed-2,0.4553,-3.5834602700347875,-2.107073747581172,166.48463887212588
2022-10-23T20:00:00.000Z,BUY LONG position entered,0.4569,0,,166.48463887212588
2022-10-23T20:30:00.000Z,SELL LONG position closed-2,0.4531,-1.384639150173065,-0.8316918362880215,165.09999972195283
2022-10-23T20:45:00.000Z,SELL SHORT position entered,0.4522,0,,165.09999972195283
2022-10-24T03:00:00.000Z,BUY SHORT position closed-2,0.4635,-4.12567447337035,-2.4988942945599364,160.9743252485825
2022-10-24T03:15:00.000Z,BUY LONG position entered,0.4633,0,,160.9743252485825
2022-10-24T23:30:00.000Z,SELL LONG position closed-2,0.4507,-4.3778901319493615,-2.7196201165551477,156.59643511663313
2022-10-24T23:45:00.000Z,BUY LONG position entered,0.4526,0,,156.59643511663313
2022-10-25T11:45:00.000Z,SELL LONG position closed-2,0.4446,-2.767944058623655,-1.7675651789659759,153.8284910580095
2022-10-25T12:00:00.000Z,BUY LONG position entered,0.4464,0,,153.8284910580095
2022-10-26T00:45:00.000Z,SELL LONG position closed-2,0.456,3.308139592645364,2.150537634408601,157.13663065065487
2022-10-26T01:00:00.000Z,BUY LONG position entered,0.4563,0,,157.13663065065487
2022-11-04T18:15:00.000Z,SELL LONG position closed-2,0.4925,12.466241572548123,7.933377164146398,169.60287222320298
2022-11-04T18:30:00.000Z,BUY LONG position entered,0.4943,0,,169.60287222320298
2022-11-08T12:00:00.000Z,SELL LONG position closed-2,0.4533,-14.067808539654719,-8.294557960752586,155.53506368354826
2022-11-08T12:15:00.000Z,SELL SHORT position entered,0.4531,0,,155.53506368354826
2022-11-09T03:30:00.000Z,BUY SHORT position closed-2,0.4114,14.31430623615971,9.203266387111016,169.84936991970798
2022-11-09T03:45:00.000Z,SELL SHORT position entered,0.4096,0,,169.84936991970798
2023-03-22T02:15:00.000Z,BUY SHORT position closed-2,0.4581,-20.11155869410604,-11.840820312499996,149.73781122560194
2023-03-22T02:30:00.000Z,BUY LONG position entered,0.4555,0,,149.73781122560194
2023-07-14T02:15:00.000Z,SELL LONG position closed-2,0.6307,57.5939945701986,38.46322722283206,207.33180579580056
2023-07-14T02:30:00.000Z,BUY LONG position entered,0.648,0,,207.33180579580056
2023-08-18T06:45:00.000Z,SELL LONG position closed-2,0.4227,-72.08619729289177,-34.76851851851851,135.2456085029088
2023-08-18T07:00:00.000Z,SELL SHORT position entered,0.4838,0,,135.2456085029088
2023-10-24T21:45:00.000Z,BUY SHORT position closed-2,0.5836,-27.898949418334638,-20.62835882596114,107.34665908457416
2023-10-24T22:00:00.000Z,BUY LONG position entered,0.5726,0,,107.34665908457416
2023-10-28T03:30:00.000Z,SELL LONG position closed-2,0.5385,-6.39280662728603,-5.955291652113172,100.95385245728812
2023-10-28T03:45:00.000Z,BUY LONG position entered,0.5436,0,,100.95385245728812
2023-10-31T20:00:00.000Z,SELL LONG position closed-2,0.6012,10.69709694911662,10.596026490066224,111.65094940640475
2023-10-31T20:15:00.000Z,BUY LONG position entered,0.6089,0,,111.65094940640475
2023-11-06T23:15:00.000Z,SELL LONG position closed-2,0.7297,22.15049217982213,19.839054031860734,133.80144158622687
2023-11-06T23:30:00.000Z,BUY LONG position entered,0.7296,0,,133.80144158622687
2023-11-07T09:45:00.000Z,SELL LONG position closed-2,0.6834,-8.472624179391014,-6.3322368421052655,125.32881740683585
2023-11-07T10:00:00.000Z,SELL SHORT position entered,0.6902,0,,125.32881740683585
2023-11-17T23:45:00.000Z,BUY SHORT position closed-2,0.5981,16.72382509876788,13.343958272964368,142.05264250560373
2023-11-18T00:00:00.000Z,SELL SHORT position entered,0.5964,0,,142.05264250560373
2023-11-19T22:45:00.000Z,BUY SHORT position closed-2,0.6197,-5.549675671328915,-3.90677397719651,136.50296683427482
2023-11-19T23:00:00.000Z,BUY LONG position entered,0.6178,0,,136.50296683427482
2023-11-21T23:45:00.000Z,SELL LONG position closed-2,0.6048,-2.8723511959300327,-2.1042408546455182,133.63061563834478
2023-11-22T00:00:00.000Z,SELL SHORT position entered,0.6059,0,,133.63061563834478
2023-11-22T08:00:00.000Z,BUY SHORT position closed-2,0.5802,5.6681083048447825,4.241624030368039,139.29872394318957
2023-11-22T08:15:00.000Z,SELL SHORT position entered,0.5821,0,,139.29872394318957
2023-11-23T03:30:00.000Z,BUY SHORT position closed-2,0.6038,-5.192891787609039,-3.727881807249623,134.10583215558054
2023-11-23T03:45:00.000Z,BUY LONG position entered,0.6034,0,,134.10583215558054
2023-11-26T20:00:00.000Z,SELL LONG position closed-2,0.6338,6.756409177211876,5.038117335101091,140.86224133279242
2023-11-26T20:15:00.000Z,BUY LONG position entered,0.6299,0,,140.86224133279242
2023-11-27T01:30:00.000Z,SELL LONG position closed-2,0.6118,-4.047637034646044,-2.873471979679315,136.81460429814638
2023-11-27T01:45:00.000Z,SELL SHORT position entered,0.614,0,,136.81460429814638
2023-12-04T17:30:00.000Z,BUY SHORT position closed-2,0.6413,-6.083124914233542,-4.446254071661236,130.73147938391284
2023-12-04T17:45:00.000Z,BUY LONG position entered,0.6398,0,,130.73147938391284
2023-12-04T20:15:00.000Z,SELL LONG position closed-2,0.6067,-6.763382256341853,-5.173491716161303,123.96809712757099
2023-12-04T20:30:00.000Z,BUY LONG position entered,0.6187,0,,123.96809712757099
2024-01-03T21:15:00.000Z,SELL LONG position closed-2,0.532,-17.371963828932284,-14.013253596250202,106.5961332986387
2024-01-03T21:30:00.000Z,SELL SHORT position entered,0.559,0,,106.5961332986387
2024-03-02T12:15:00.000Z,BUY SHORT position closed-2,0.6373,-14.931086292099108,-14.007155635062595,91.6650470065396
2024-03-02T12:30:00.000Z,BUY LONG position entered,0.6333,0,,91.6650470065396
2024-03-06T04:45:00.000Z,SELL LONG position closed-2,0.5978,-5.138337547342735,-5.605558187273011,86.52670945919687
2024-03-06T05:00:00.000Z,SELL SHORT position entered,0.5677,0,,86.52670945919687
2024-03-12T01:00:00.000Z,BUY SHORT position closed-2,0.6937,-19.204448461967242,-22.194821208384706,67.32226099722962
2024-03-12T01:15:00.000Z,BUY LONG position entered,0.6965,0,,67.32226099722962
2024-03-15T18:00:00.000Z,SELL LONG position closed-2,0.6118,-8.186928221773652,-12.160804020100501,59.135332775455964
2024-03-15T18:15:00.000Z,SELL SHORT position entered,0.6036,0,,59.135332775455964
2024-03-16T04:00:00.000Z,BUY SHORT position closed-2,0.6424,-3.8012771896747646,-6.428098078197472,55.3340555857812
2024-03-16T04:15:00.000Z,BUY LONG position entered,0.6436,0,,55.3340555857812
2024-03-16T23:00:00.000Z,SELL LONG position closed-2,0.6161,-2.3643358120089832,-4.272840273461774,52.96971977377222
2024-03-16T23:15:00.000Z,BUY LONG position entered,0.6194,0,,52.96971977377222
2024-03-17T02:45:00.000Z,SELL LONG position closed-2,0.6112,-0.7012458865756077,-1.3238618017436203,52.26847388719661
2024-03-17T03:00:00.000Z,BUY LONG position entered,0.6138,0,,52.26847388719661
2024-03-17T03:15:00.000Z,SELL LONG position closed-2,0.6084,-0.4598399462216677,-0.8797653958944216,51.80863394097494
2024-03-17T03:30:00.000Z,SELL SHORT position entered,0.6065,0,,51.80863394097494
2024-03-18T14:30:00.000Z,BUY SHORT position closed-2,0.6285,-1.8792909261359338,-3.6273701566364234,49.929343014839006
2024-03-18T14:45:00.000Z,BUY LONG position entered,0.6261,0,,49.929343014839006
2024-03-18T23:45:00.000Z,SELL LONG position closed-2,0.5987,-2.185056697982092,-4.376297716019803,47.744286316856915
2024-03-19T00:00:00.000Z,BUY LONG position entered,0.6028,0,,47.744286316856915
2024-03-19T07:30:00.000Z,SELL LONG position closed-2,0.6218,1.504879628434443,3.151957531519578,49.24916594529136
2024-03-19T07:45:00.000Z,BUY LONG position entered,0.6299,0,,49.24916594529136
2024-03-19T14:30:00.000Z,SELL LONG position closed-2,0.5977,-2.5175792085067186,-5.1119225273853,46.73158673678464
2024-03-19T14:45:00.000Z,BUY LONG position entered,0.5977,0,,46.73158673678464
2024-03-19T16:15:00.000Z,SELL LONG position closed-2,0.5837,-1.094599655872487,-2.3423121967542264,45.63698708091216
2024-03-19T16:30:00.000Z,BUY LONG position entered,0.5939,0,,45.63698708091216
2024-03-20T14:15:00.000Z,SELL LONG position closed-2,0.5778,-1.2371703855913216,-2.710894089914128,44.39981669532084
2024-03-20T14:30:00.000Z,SELL SHORT position entered,0.5739,0,,44.39981669532084
2024-03-20T16:45:00.000Z,BUY SHORT position closed-2,0.596,-1.7097681633848945,-3.8508450949642814,42.69004853193594
2024-03-20T17:00:00.000Z,BUY LONG position entered,0.5954,0,,42.69004853193594
2024-04-04T11:30:00.000Z,SELL LONG position closed-2,0.5678,-1.9789139057464475,-4.6355391333557385,40.7111346261895
2024-04-04T11:45:00.000Z,SELL SHORT position entered,0.5681,0,,40.7111346261895
2024-04-04T22:15:00.000Z,BUY SHORT position closed-2,0.6071,-2.7948147340633467,-6.864988558352389,37.916319892126154
2024-04-04T22:30:00.000Z,BUY LONG position entered,0.6013,0,,37.916319892126154
2024-04-05T21:00:00.000Z,SELL LONG position closed-2,0.5726,-1.8097428586462976,-4.772991850989515,36.10657703347986
2024-04-05T21:15:00.000Z,BUY LONG position entered,0.5738,0,,36.10657703347986
2024-04-06T03:30:00.000Z,SELL LONG position closed-2,0.5868,0.8180298038257905,2.265597769257583,36.924606837305646
2024-04-06T03:45:00.000Z,BUY LONG position entered,0.5873,0,,36.924606837305646
2024-04-08T23:00:00.000Z,SELL LONG position closed-2,0.6149,1.7352616187802388,4.699472160735562,38.65986845608588
2024-04-08T23:15:00.000Z,BUY LONG position entered,0.6137,0,,38.65986845608588
2024-04-12T22:45:00.000Z,SELL LONG position closed-2,0.5933,-1.2850925802577007,-3.324099722991685,37.37477587582818
2024-04-12T23:00:00.000Z,BUY LONG position entered,0.5965,0,,37.37477587582818
2024-04-13T02:30:00.000Z,SELL LONG position closed-2,0.5716,-1.5601540977504154,-4.174350377200341,35.814621778077765
2024-04-13T02:45:00.000Z,SELL SHORT position entered,0.5795,0,,35.814621778077765
2024-04-14T05:00:00.000Z,BUY SHORT position closed-2,0.4917,5.42627056447839,15.15099223468507,41.24089234255615
2024-04-14T05:15:00.000Z,SELL SHORT position entered,0.4531,0,,41.24089234255615
2024-04-23T02:00:00.000Z,BUY SHORT position closed-2,0.5483,-8.665047342774985,-21.010814389759435,32.57584499978117
2024-04-23T02:15:00.000Z,BUY LONG position entered,0.5464,0,,32.57584499978117
2024-04-24T23:45:00.000Z,SELL LONG position closed-2,0.5275,-1.12679990939946,-3.4590043923865355,31.44904509038171
2024-04-25T00:00:00.000Z,BUY LONG position entered,0.5308,0,,31.44904509038171
2024-04-25T00:45:00.000Z,SELL LONG position closed-2,0.5245,-0.37326485318275693,-1.1868877166541227,31.075780237198952
2024-04-25T01:00:00.000Z,BUY LONG position entered,0.5259,0,,31.075780237198952
2024-04-25T02:00:00.000Z,SELL LONG position closed-2,0.5314,0.3249986524141332,1.0458262027001235,31.400778889613086
2024-04-25T02:15:00.000Z,BUY LONG position entered,0.5334,0,,31.400778889613086
2024-04-25T08:30:00.000Z,SELL LONG position closed-2,0.5238,-0.5651433770908958,-1.799775028121474,30.83563551252219
2024-04-25T08:45:00.000Z,BUY LONG position entered,0.5268,0,,30.83563551252219
2024-04-25T13:15:00.000Z,SELL LONG position closed-2,0.5197,-0.4155903799144028,-1.3477600607441143,30.42004513260779
2024-04-25T13:30:00.000Z,BUY LONG position entered,0.5236,0,,30.42004513260779
2024-04-25T19:30:00.000Z,SELL LONG position closed-2,0.5173,-0.3660165858201456,-1.2032085561497274,30.054028546787645
2024-04-25T19:45:00.000Z,SELL SHORT position entered,0.5168,0,,30.054028546787645
2024-04-26T03:00:00.000Z,BUY SHORT position closed-2,0.5293,-0.7269260000674229,-2.41873065015479,29.327102546720223
2024-04-26T03:15:00.000Z,BUY LONG position entered,0.5294,0,,29.327102546720223
2024-04-27T10:30:00.000Z,SELL LONG position closed-2,0.5126,-0.930667402313753,-3.173403853418972,28.39643514440647
2024-04-27T10:45:00.000Z,BUY LONG position entered,0.5147,0,,28.39643514440647
2024-04-29T13:00:00.000Z,SELL LONG position closed-2,0.5032,-0.6344647448235404,-2.2343112492714328,27.761970399582932
2024-04-29T13:15:00.000Z,BUY LONG position entered,0.5064,0,,27.761970399582932
2024-04-30T20:15:00.000Z,SELL LONG position closed-2,0.4993,-0.3892377366450181,-1.402053712480241,27.372732662937914
2024-04-30T20:30:00.000Z,BUY LONG position entered,0.497,0,,27.372732662937914
2024-04-30T21:15:00.000Z,SELL LONG position closed-2,0.4933,-0.2037809071486313,-0.7444668008048252,27.168951755789283
2024-04-30T21:30:00.000Z,BUY LONG position entered,0.4958,0,,27.168951755789283
2024-05-01T17:30:00.000Z,SELL LONG position closed-2,0.4812,-0.8000538435549084,-2.9447357805566763,26.368897912234374
2024-05-01T17:45:00.000Z,BUY LONG position entered,0.4836,0,,26.368897912234374
2024-05-02T01:15:00.000Z,SELL LONG position closed-2,0.5011,0.954209498478292,3.6186931348221707,27.323107410712666
2024-05-02T01:30:00.000Z,BUY LONG position entered,0.5015,0,,27.323107410712666
2024-05-04T01:00:00.000Z,SELL LONG position closed-2,0.5265,1.3620691630464952,4.985044865403793,28.68517657375916
2024-05-04T01:15:00.000Z,BUY LONG position entered,0.5258,0,,28.68517657375916
2024-05-07T01:00:00.000Z,SELL LONG position closed-2,0.5592,1.8221470094400067,6.352225180677061,30.507323583199167
2024-05-07T01:15:00.000Z,BUY LONG position entered,0.5467,0,,30.507323583199167
2024-05-08T08:15:00.000Z,SELL LONG position closed-2,0.5224,-1.356005054091347,-4.444850923724161,29.15131852910782
2024-05-08T08:30:00.000Z,BUY LONG position entered,0.5241,0,,29.15131852910782
2024-05-08T14:00:00.000Z,SELL LONG position closed-2,0.5208,-0.18355151907280082,-0.62965082999427,28.96776701003502
2024-05-08T14:15:00.000Z,SELL SHORT position entered,0.52,0,,28.96776701003502
2024-05-08T23:45:00.000Z,BUY SHORT position closed-2,0.5277,-0.4289457807255146,-1.480769230769217,28.538821229309505
2024-05-09T00:00:00.000Z,BUY LONG position entered,0.5267,0,,28.538821229309505
2024-05-09T07:15:00.000Z,SELL LONG position closed-2,0.5163,-0.5635157410002238,-1.974558572242257,27.97530548830928
2024-05-09T07:30:00.000Z,BUY LONG position entered,0.5174,0,,27.97530548830928
2024-05-09T18:45:00.000Z,SELL LONG position closed-2,0.5146,-0.15139322645393638,-0.5411673753382344,27.823912261855344
2024-05-09T19:00:00.000Z,BUY LONG position entered,0.5152,0,,27.823912261855344
2024-05-09T19:30:00.000Z,SELL LONG position closed-2,0.5107,-0.24302718396418405,-0.8734472049689341,27.58088507789116
2024-05-09T19:45:00.000Z,BUY LONG position entered,0.5129,0,,27.58088507789116
2024-05-10T23:30:00.000Z,SELL LONG position closed-2,0.5067,-0.3334012234020759,-1.2088126340417202,27.247483854489083
2024-05-10T23:45:00.000Z,SELL SHORT position entered,0.5031,0,,27.247483854489083
2024-05-16T04:45:00.000Z,BUY SHORT position closed-2,0.5184,-0.8286354660578065,-3.041144901610014,26.418848388431275
2024-05-16T05:00:00.000Z,BUY LONG position entered,0.5183,0,,26.418848388431275
2024-05-20T03:45:00.000Z,SELL LONG position closed-2,0.5095,-0.44855463210147795,-1.6978583831757728,25.9702937563298
2024-05-20T04:00:00.000Z,BUY LONG position entered,0.5093,0,,25.9702937563298
2024-05-20T04:45:00.000Z,SELL LONG position closed-2,0.5073,-0.10198426764708353,-0.3926958570587084,25.868309488682716
2024-05-20T05:00:00.000Z,SELL SHORT position entered,0.5075,0,,25.868309488682716
2024-05-20T13:45:00.000Z,BUY SHORT position closed-2,0.5167,-0.46894275329238133,-1.8128078817734186,25.399366735390334
2024-05-20T14:00:00.000Z,BUY LONG position entered,0.5162,0,,25.399366735390334
2024-05-21T18:00:00.000Z,SELL LONG position closed-2,0.543,1.3186807991252658,5.191786129407216,26.7180475345156
2024-05-21T18:15:00.000Z,BUY LONG position entered,0.5452,0,,26.7180475345156
2024-05-22T13:45:00.000Z,SELL LONG position closed-2,0.5312,-0.6860833923023087,-2.567865003668381,26.03196414221329
2024-05-22T14:00:00.000Z,BUY LONG position entered,0.5329,0,,26.03196414221329
2024-05-22T22:00:00.000Z,SELL LONG position closed-2,0.528,-0.23936315311849413,-0.9194970913867546,25.792600989094797
2024-05-22T22:15:00.000Z,SELL SHORT position entered,0.5293,0,,25.792600989094797
2024-05-23T23:15:00.000Z,BUY SHORT position closed-2,0.5388,-0.4629316255363676,-1.7948233515964394,25.32966936355843
2024-05-23T23:30:00.000Z,BUY LONG position entered,0.5339,0,,25.32966936355843
2024-06-08T03:15:00.000Z,SELL LONG position closed-2,0.4549,-3.7479750509854206,-14.796778422925641,21.58169431257301
2024-06-08T03:30:00.000Z,SELL SHORT position entered,0.4795,0,,21.58169431257301
2024-07-14T00:15:00.000Z,BUY SHORT position closed-2,0.529,-2.227932989514838,-10.323253388946828,19.353761323058173
2024-07-14T00:30:00.000Z,BUY LONG position entered,0.5297,0,,19.353761323058173
2024-07-17T00:15:00.000Z,SELL LONG position closed-2,0.5821,1.914549921329523,9.892391919954692,21.268311244387696
2024-07-17T00:30:00.000Z,BUY LONG position entered,0.5821,0,,21.268311244387696
